sampler,regime,scorer,K,metric,n,mean,se,ci_low,ci_high,confidence,low_n,high_n,effect,value_col
clean_target_ablation,hidden_obstacle,anti_correlated_score,1,exact_selected_real,1,-0.27159585392013097,0.0,-0.27159585392013097,-0.27159585392013097,0.95,1,16,high_minus_low,exact_selected_real
clean_target_ablation,hidden_obstacle,anti_correlated_score,1,exact_selected_score,1,0.24915280943467988,0.0,0.24915280943467988,0.24915280943467988,0.95,1,16,high_minus_low,exact_selected_score
clean_target_ablation,hidden_obstacle,anti_correlated_score,1,high_n_regret,1,0.0,0.0,0.0,0.0,0.95,1,16,high_minus_low,high_n_regret
clean_target_ablation,hidden_obstacle,anti_correlated_score,8,exact_selected_real,1,-0.11320534029862794,0.0,-0.11320534029862794,-0.11320534029862794,0.95,1,16,high_minus_low,exact_selected_real
clean_target_ablation,hidden_obstacle,anti_correlated_score,8,exact_selected_score,1,0.11728871387687179,0.0,0.11728871387687179,0.11728871387687179,0.95,1,16,high_minus_low,exact_selected_score
clean_target_ablation,hidden_obstacle,anti_correlated_score,8,high_n_regret,1,0.0,0.0,0.0,0.0,0.95,1,16,high_minus_low,high_n_regret
clean_target_ablation,hidden_obstacle,behavior_cloning_critic,1,exact_selected_real,1,-0.19175433344938142,0.0,-0.19175433344938142,-0.19175433344938142,0.95,1,16,high_minus_low,exact_selected_real
clean_target_ablation,hidden_obstacle,behavior_cloning_critic,1,exact_selected_score,1,0.3391979377992244,0.0,0.3391979377992244,0.3391979377992244,0.95,1,16,high_minus_low,exact_selected_score
clean_target_ablation,hidden_obstacle,behavior_cloning_critic,1,high_n_regret,1,0.0,0.0,0.0,0.0,0.95,1,16,high_minus_low,high_n_regret
clean_target_ablation,hidden_obstacle,behavior_cloning_critic,8,exact_selected_real,1,-0.09106505768786022,0.0,-0.09106505768786022,-0.09106505768786022,0.95,1,16,high_minus_low,exact_selected_real
clean_target_ablation,hidden_obstacle,behavior_cloning_critic,8,exact_selected_score,1,0.0563595385654303,0.0,0.0563595385654303,0.0563595385654303,0.95,1,16,high_minus_low,exact_selected_score
clean_target_ablation,hidden_obstacle,behavior_cloning_critic,8,high_n_regret,1,0.0,0.0,0.0,0.0,0.95,1,16,high_minus_low,high_n_regret
clean_target_ablation,hidden_obstacle,calibrated_critic,1,exact_selected_real,1,0.14672538165539573,0.0,0.14672538165539573,0.14672538165539573,0.95,1,16,high_minus_low,exact_selected_real
clean_target_ablation,hidden_obstacle,calibrated_critic,1,exact_selected_score,1,0.1725955800041976,0.0,0.1725955800041976,0.1725955800041976,0.95,1,16,high_minus_low,exact_selected_score
clean_target_ablation,hidden_obstacle,calibrated_critic,1,high_n_regret,1,0.0,0.0,0.0,0.0,0.95,1,16,high_minus_low,high_n_regret
clean_target_ablation,hidden_obstacle,calibrated_critic,8,exact_selected_real,1,0.05010287705753824,0.0,0.05010287705753824,0.05010287705753824,0.95,1,16,high_minus_low,exact_selected_real
clean_target_ablation,hidden_obstacle,calibrated_critic,8,exact_selected_score,1,0.034612610154243995,0.0,0.034612610154243995,0.034612610154243995,0.95,1,16,high_minus_low,exact_selected_score
clean_target_ablation,hidden_obstacle,calibrated_critic,8,high_n_regret,1,0.0,0.0,0.0,0.0,0.95,1,16,high_minus_low,high_n_regret
clean_target_ablation,hidden_obstacle,diffusion_internal_score,1,exact_selected_real,1,0.01269731204076796,0.0,0.01269731204076796,0.01269731204076796,0.95,1,16,high_minus_low,exact_selected_real
clean_target_ablation,hidden_obstacle,diffusion_internal_score,1,exact_selected_score,1,0.5385566450010968,0.0,0.5385566450010968,0.5385566450010968,0.95,1,16,high_minus_low,exact_selected_score
clean_target_ablation,hidden_obstacle,diffusion_internal_score,1,high_n_regret,1,0.0,0.0,0.0,0.0,0.95,1,16,high_minus_low,high_n_regret
clean_target_ablation,hidden_obstacle,diffusion_internal_score,8,exact_selected_real,1,-0.035169891391069186,0.0,-0.035169891391069186,-0.035169891391069186,0.95,1,16,high_minus_low,exact_selected_real
clean_target_ablation,hidden_obstacle,diffusion_internal_score,8,exact_selected_score,1,0.4449756801445123,0.0,0.4449756801445123,0.4449756801445123,0.95,1,16,high_minus_low,exact_selected_score
clean_target_ablation,hidden_obstacle,diffusion_internal_score,8,high_n_regret,1,0.0,0.0,0.0,0.0,0.95,1,16,high_minus_low,high_n_regret
clean_target_ablation,hidden_obstacle,diffusion_likelihood_proxy,1,exact_selected_real,1,-0.19175433344938142,0.0,-0.19175433344938142,-0.19175433344938142,0.95,1,16,high_minus_low,exact_selected_real
clean_target_ablation,hidden_obstacle,diffusion_likelihood_proxy,1,exact_selected_score,1,0.2321861574046924,0.0,0.2321861574046924,0.2321861574046924,0.95,1,16,high_minus_low,exact_selected_score
clean_target_ablation,hidden_obstacle,diffusion_likelihood_proxy,1,high_n_regret,1,0.0,0.0,0.0,0.0,0.95,1,16,high_minus_low,high_n_regret
clean_target_ablation,hidden_obstacle,diffusion_likelihood_proxy,8,exact_selected_real,1,-0.09106505768786022,0.0,-0.09106505768786022,-0.09106505768786022,0.95,1,16,high_minus_low,exact_selected_real
clean_target_ablation,hidden_obstacle,diffusion_likelihood_proxy,8,exact_selected_score,1,0.03798361411346518,0.0,0.03798361411346518,0.03798361411346518,0.95,1,16,high_minus_low,exact_selected_score
clean_target_ablation,hidden_obstacle,diffusion_likelihood_proxy,8,high_n_regret,1,0.0,0.0,0.0,0.0,0.95,1,16,high_minus_low,high_n_regret
clean_target_ablation,hidden_obstacle,learned_value_critic_from_pilot_rollouts,1,exact_selected_real,1,0.07754578775792242,0.0,0.07754578775792242,0.07754578775792242,0.95,1,16,high_minus_low,exact_selected_real
clean_target_ablation,hidden_obstacle,learned_value_critic_from_pilot_rollouts,1,exact_selected_score,1,0.10019178849437005,0.0,0.10019178849437005,0.10019178849437005,0.95,1,16,high_minus_low,exact_selected_score
clean_target_ablation,hidden_obstacle,learned_value_critic_from_pilot_rollouts,1,high_n_regret,1,0.0,0.0,0.0,0.0,0.95,1,16,high_minus_low,high_n_regret
clean_target_ablation,hidden_obstacle,learned_value_critic_from_pilot_rollouts,8,exact_selected_real,1,-0.001563820268233207,0.0,-0.001563820268233207,-0.001563820268233207,0.95,1,16,high_minus_low,exact_selected_real
clean_target_ablation,hidden_obstacle,learned_value_critic_from_pilot_rollouts,8,exact_selected_score,1,0.02471425782891934,0.0,0.02471425782891934,0.02471425782891934,0.95,1,16,high_minus_low,exact_selected_score
clean_target_ablation,hidden_obstacle,learned_value_critic_from_pilot_rollouts,8,high_n_regret,1,0.0,0.0,0.0,0.0,0.95,1,16,high_minus_low,high_n_regret
clean_target_ablation,hidden_obstacle,oracle_real_utility_selector,1,exact_selected_real,1,0.18689171243073188,0.0,0.18689171243073188,0.18689171243073188,0.95,1,16,high_minus_low,exact_selected_real
clean_target_ablation,hidden_obstacle,oracle_real_utility_selector,1,exact_selected_score,1,0.18689171243073188,0.0,0.18689171243073188,0.18689171243073188,0.95,1,16,high_minus_low,exact_selected_score
clean_target_ablation,hidden_obstacle,oracle_real_utility_selector,1,high_n_regret,1,0.0,0.0,0.0,0.0,0.95,1,16,high_minus_low,high_n_regret
clean_target_ablation,hidden_obstacle,oracle_real_utility_selector,8,exact_selected_real,1,0.06350970602936168,0.0,0.06350970602936168,0.06350970602936168,0.95,1,16,high_minus_low,exact_selected_real
clean_target_ablation,hidden_obstacle,oracle_real_utility_selector,8,exact_selected_score,1,0.06350970602936168,0.0,0.06350970602936168,0.06350970602936168,0.95,1,16,high_minus_low,exact_selected_score
clean_target_ablation,hidden_obstacle,oracle_real_utility_selector,8,high_n_regret,1,0.0,0.0,0.0,0.0,0.95,1,16,high_minus_low,high_n_regret
clean_target_ablation,hidden_obstacle,random_sample_selection,1,exact_selected_real,1,-0.022376195157039702,0.0,-0.022376195157039702,-0.022376195157039702,0.95,1,16,high_minus_low,exact_selected_real
clean_target_ablation,hidden_obstacle,random_sample_selection,1,exact_selected_score,1,1.219048853022568,0.0,1.219048853022568,1.219048853022568,0.95,1,16,high_minus_low,exact_selected_score
clean_target_ablation,hidden_obstacle,random_sample_selection,1,high_n_regret,1,0.0,0.0,0.0,0.0,0.95,1,16,high_minus_low,high_n_regret
clean_target_ablation,hidden_obstacle,random_sample_selection,8,exact_selected_real,1,0.02942285059562688,0.0,0.02942285059562688,0.02942285059562688,0.95,1,16,high_minus_low,exact_selected_real
clean_target_ablation,hidden_obstacle,random_sample_selection,8,exact_selected_score,1,1.4449107631120666,0.0,1.4449107631120666,1.4449107631120666,0.95,1,16,high_minus_low,exact_selected_score
clean_target_ablation,hidden_obstacle,random_sample_selection,8,high_n_regret,1,0.0,0.0,0.0,0.0,0.95,1,16,high_minus_low,high_n_regret
clean_target_ablation,hidden_obstacle,tail_only_misaligned_score,1,exact_selected_real,1,-0.19175637931058875,0.0,-0.19175637931058875,-0.19175637931058875,0.95,1,16,high_minus_low,exact_selected_real
clean_target_ablation,hidden_obstacle,tail_only_misaligned_score,1,exact_selected_score,1,0.6564871936107701,0.0,0.6564871936107701,0.6564871936107701,0.95,1,16,high_minus_low,exact_selected_score
clean_target_ablation,hidden_obstacle,tail_only_misaligned_score,1,high_n_regret,1,0.0,0.0,0.0,0.0,0.95,1,16,high_minus_low,high_n_regret
clean_target_ablation,hidden_obstacle,tail_only_misaligned_score,8,exact_selected_real,1,-0.07612930913042693,0.0,-0.07612930913042693,-0.07612930913042693,0.95,1,16,high_minus_low,exact_selected_real
clean_target_ablation,hidden_obstacle,tail_only_misaligned_score,8,exact_selected_score,1,0.09824316868402627,0.0,0.09824316868402627,0.09824316868402627,0.95,1,16,high_minus_low,exact_selected_score
clean_target_ablation,hidden_obstacle,tail_only_misaligned_score,8,high_n_regret,1,0.0,0.0,0.0,0.0,0.95,1,16,high_minus_low,high_n_regret
clean_target_ablation,hidden_obstacle,weakly_aligned_score,1,exact_selected_real,1,0.08078074476950226,0.0,0.08078074476950226,0.08078074476950226,0.95,1,16,high_minus_low,exact_selected_real
clean_target_ablation,hidden_obstacle,weakly_aligned_score,1,exact_selected_score,1,0.1489180655530165,0.0,0.1489180655530165,0.1489180655530165,0.95,1,16,high_minus_low,exact_selected_score
clean_target_ablation,hidden_obstacle,weakly_aligned_score,1,high_n_regret,1,0.0,0.0,0.0,0.0,0.95,1,16,high_minus_low,high_n_regret
clean_target_ablation,hidden_obstacle,weakly_aligned_score,8,exact_selected_real,1,0.016764275611580004,0.0,0.016764275611580004,0.016764275611580004,0.95,1,16,high_minus_low,exact_selected_real
clean_target_ablation,hidden_obstacle,weakly_aligned_score,8,exact_selected_score,1,0.17510611734204268,0.0,0.17510611734204268,0.17510611734204268,0.95,1,16,high_minus_low,exact_selected_score
clean_target_ablation,hidden_obstacle,weakly_aligned_score,8,high_n_regret,1,0.0,0.0,0.0,0.0,0.95,1,16,high_minus_low,high_n_regret
clean_target_ablation,id,anti_correlated_score,1,exact_selected_real,1,-0.2464193559022818,0.0,-0.2464193559022818,-0.2464193559022818,0.95,1,16,high_minus_low,exact_selected_real
clean_target_ablation,id,anti_correlated_score,1,exact_selected_score,1,0.22995078486855203,0.0,0.22995078486855203,0.22995078486855203,0.95,1,16,high_minus_low,exact_selected_score
clean_target_ablation,id,anti_correlated_score,1,high_n_regret,1,0.0,0.0,0.0,0.0,0.95,1,16,high_minus_low,high_n_regret
clean_target_ablation,id,anti_correlated_score,8,exact_selected_real,1,-0.15137594610738636,0.0,-0.15137594610738636,-0.15137594610738636,0.95,1,16,high_minus_low,exact_selected_real
clean_target_ablation,id,anti_correlated_score,8,exact_selected_score,1,0.15592441533299595,0.0,0.15592441533299595,0.15592441533299595,0.95,1,16,high_minus_low,exact_selected_score
clean_target_ablation,id,anti_correlated_score,8,high_n_regret,1,0.0,0.0,0.0,0.0,0.95,1,16,high_minus_low,high_n_regret
clean_target_ablation,id,behavior_cloning_critic,1,exact_selected_real,1,0.1217498279926833,0.0,0.1217498279926833,0.1217498279926833,0.95,1,16,high_minus_low,exact_selected_real
clean_target_ablation,id,behavior_cloning_critic,1,exact_selected_score,1,0.1419040402146875,0.0,0.1419040402146875,0.1419040402146875,0.95,1,16,high_minus_low,exact_selected_score
clean_target_ablation,id,behavior_cloning_critic,1,high_n_regret,1,0.0,0.0,0.0,0.0,0.95,1,16,high_minus_low,high_n_regret
clean_target_ablation,id,behavior_cloning_critic,8,exact_selected_real,1,-0.14787590325400268,0.0,-0.14787590325400268,-0.14787590325400268,0.95,1,16,high_minus_low,exact_selected_real
clean_target_ablation,id,behavior_cloning_critic,8,exact_selected_score,1,0.04749372835189902,0.0,0.04749372835189902,0.04749372835189902,0.95,1,16,high_minus_low,exact_selected_score
clean_target_ablation,id,behavior_cloning_critic,8,high_n_regret,1,0.0,0.0,0.0,0.0,0.95,1,16,high_minus_low,high_n_regret
clean_target_ablation,id,calibrated_critic,1,exact_selected_real,1,0.14426656805258342,0.0,0.14426656805258342,0.14426656805258342,0.95,1,16,high_minus_low,exact_selected_real
clean_target_ablation,id,calibrated_critic,1,exact_selected_score,1,0.14839991233350802,0.0,0.14839991233350802,0.14839991233350802,0.95,1,16,high_minus_low,exact_selected_score
clean_target_ablation,id,calibrated_critic,1,high_n_regret,1,0.0,0.0,0.0,0.0,0.95,1,16,high_minus_low,high_n_regret
clean_target_ablation,id,calibrated_critic,8,exact_selected_real,1,0.02545656209165026,0.0,0.02545656209165026,0.02545656209165026,0.95,1,16,high_minus_low,exact_selected_real
clean_target_ablation,id,calibrated_critic,8,exact_selected_score,1,0.058652244705700185,0.0,0.058652244705700185,0.058652244705700185,0.95,1,16,high_minus_low,exact_selected_score
clean_target_ablation,id,calibrated_critic,8,high_n_regret,1,0.0,0.0,0.0,0.0,0.95,1,16,high_minus_low,high_n_regret
clean_target_ablation,id,diffusion_internal_score,1,exact_selected_real,1,0.019309695882482214,0.0,0.019309695882482214,0.019309695882482214,0.95,1,16,high_minus_low,exact_selected_real
clean_target_ablation,id,diffusion_internal_score,1,exact_selected_score,1,0.40072517948277075,0.0,0.40072517948277075,0.40072517948277075,0.95,1,16,high_minus_low,exact_selected_score
clean_target_ablation,id,diffusion_internal_score,1,high_n_regret,1,0.0,0.0,0.0,0.0,0.95,1,16,high_minus_low,high_n_regret
clean_target_ablation,id,diffusion_internal_score,8,exact_selected_real,1,0.008643855026318259,0.0,0.008643855026318259,0.008643855026318259,0.95,1,16,high_minus_low,exact_selected_real
clean_target_ablation,id,diffusion_internal_score,8,exact_selected_score,1,0.6487564035942146,0.0,0.6487564035942146,0.6487564035942146,0.95,1,16,high_minus_low,exact_selected_score
clean_target_ablation,id,diffusion_internal_score,8,high_n_regret,1,0.0,0.0,0.0,0.0,0.95,1,16,high_minus_low,high_n_regret
clean_target_ablation,id,diffusion_likelihood_proxy,1,exact_selected_real,1,0.12160107157753841,0.0,0.12160107157753841,0.12160107157753841,0.95,1,16,high_minus_low,exact_selected_real
clean_target_ablation,id,diffusion_likelihood_proxy,1,exact_selected_score,1,0.09812236352994419,0.0,0.09812236352994419,0.09812236352994419,0.95,1,16,high_minus_low,exact_selected_score
clean_target_ablation,id,diffusion_likelihood_proxy,1,high_n_regret,1,0.0,0.0,0.0,0.0,0.95,1,16,high_minus_low,high_n_regret
clean_target_ablation,id,diffusion_likelihood_proxy,8,exact_selected_real,1,-0.14787590325400268,0.0,-0.14787590325400268,-0.14787590325400268,0.95,1,16,high_minus_low,exact_selected_real
clean_target_ablation,id,diffusion_likelihood_proxy,8,exact_selected_score,1,0.032594013609712535,0.0,0.032594013609712535,0.032594013609712535,0.95,1,16,high_minus_low,exact_selected_score
clean_target_ablation,id,diffusion_likelihood_proxy,8,high_n_regret,1,0.0,0.0,0.0,0.0,0.95,1,16,high_minus_low,high_n_regret
clean_target_ablation,id,learned_value_critic_from_pilot_rollouts,1,exact_selected_real,1,0.1217498279926833,0.0,0.1217498279926833,0.1217498279926833,0.95,1,16,high_minus_low,exact_selected_real
clean_target_ablation,id,learned_value_critic_from_pilot_rollouts,1,exact_selected_score,1,0.14979907545384685,0.0,0.14979907545384685,0.14979907545384685,0.95,1,16,high_minus_low,exact_selected_score
clean_target_ablation,id,learned_value_critic_from_pilot_rollouts,1,high_n_regret,1,0.0,0.0,0.0,0.0,0.95,1,16,high_minus_low,high_n_regret
clean_target_ablation,id,learned_value_critic_from_pilot_rollouts,8,exact_selected_real,1,0.028066589901482808,0.0,0.028066589901482808,0.028066589901482808,0.95,1,16,high_minus_low,exact_selected_real
clean_target_ablation,id,learned_value_critic_from_pilot_rollouts,8,exact_selected_score,1,0.0658778658160587,0.0,0.0658778658160587,0.0658778658160587,0.95,1,16,high_minus_low,exact_selected_score
clean_target_ablation,id,learned_value_critic_from_pilot_rollouts,8,high_n_regret,1,0.0,0.0,0.0,0.0,0.95,1,16,high_minus_low,high_n_regret
clean_target_ablation,id,oracle_real_utility_selector,1,exact_selected_real,1,0.14809405626001537,0.0,0.14809405626001537,0.14809405626001537,0.95,1,16,high_minus_low,exact_selected_real
clean_target_ablation,id,oracle_real_utility_selector,1,exact_selected_score,1,0.14809405626001537,0.0,0.14809405626001537,0.14809405626001537,0.95,1,16,high_minus_low,exact_selected_score
clean_target_ablation,id,oracle_real_utility_selector,1,high_n_regret,1,0.0,0.0,0.0,0.0,0.95,1,16,high_minus_low,high_n_regret
clean_target_ablation,id,oracle_real_utility_selector,8,exact_selected_real,1,0.07569752060400814,0.0,0.07569752060400814,0.07569752060400814,0.95,1,16,high_minus_low,exact_selected_real
clean_target_ablation,id,oracle_real_utility_selector,8,exact_selected_score,1,0.07569752060400814,0.0,0.07569752060400814,0.07569752060400814,0.95,1,16,high_minus_low,exact_selected_score
clean_target_ablation,id,oracle_real_utility_selector,8,high_n_regret,1,0.0,0.0,0.0,0.0,0.95,1,16,high_minus_low,high_n_regret
clean_target_ablation,id,random_sample_selection,1,exact_selected_real,1,0.0022949455066213487,0.0,0.0022949455066213487,0.0022949455066213487,0.95,1,16,high_minus_low,exact_selected_real
clean_target_ablation,id,random_sample_selection,1,exact_selected_score,1,1.3416360484335015,0.0,1.3416360484335015,1.3416360484335015,0.95,1,16,high_minus_low,exact_selected_score
clean_target_ablation,id,random_sample_selection,1,high_n_regret,1,0.0,0.0,0.0,0.0,0.95,1,16,high_minus_low,high_n_regret
clean_target_ablation,id,random_sample_selection,8,exact_selected_real,1,0.005738553436442473,0.0,0.005738553436442473,0.005738553436442473,0.95,1,16,high_minus_low,exact_selected_real
clean_target_ablation,id,random_sample_selection,8,exact_selected_score,1,1.6603981928636675,0.0,1.6603981928636675,1.6603981928636675,0.95,1,16,high_minus_low,exact_selected_score
clean_target_ablation,id,random_sample_selection,8,high_n_regret,1,0.0,0.0,0.0,0.0,0.95,1,16,high_minus_low,high_n_regret
clean_target_ablation,id,tail_only_misaligned_score,1,exact_selected_real,1,0.1215937386018493,0.0,0.1215937386018493,0.1215937386018493,0.95,1,16,high_minus_low,exact_selected_real
clean_target_ablation,id,tail_only_misaligned_score,1,exact_selected_score,1,0.5067393183814319,0.0,0.5067393183814319,0.5067393183814319,0.95,1,16,high_minus_low,exact_selected_score
clean_target_ablation,id,tail_only_misaligned_score,1,high_n_regret,1,0.0,0.0,0.0,0.0,0.95,1,16,high_minus_low,high_n_regret
clean_target_ablation,id,tail_only_misaligned_score,8,exact_selected_real,1,-0.10459613148697267,0.0,-0.10459613148697267,-0.10459613148697267,0.95,1,16,high_minus_low,exact_selected_real
clean_target_ablation,id,tail_only_misaligned_score,8,exact_selected_score,1,0.09169376688834674,0.0,0.09169376688834674,0.09169376688834674,0.95,1,16,high_minus_low,exact_selected_score
clean_target_ablation,id,tail_only_misaligned_score,8,high_n_regret,1,0.0,0.0,0.0,0.0,0.95,1,16,high_minus_low,high_n_regret
clean_target_ablation,id,weakly_aligned_score,1,exact_selected_real,1,-0.02109557166004572,0.0,-0.02109557166004572,-0.02109557166004572,0.95,1,16,high_minus_low,exact_selected_real
clean_target_ablation,id,weakly_aligned_score,1,exact_selected_score,1,0.18119249891563566,0.0,0.18119249891563566,0.18119249891563566,0.95,1,16,high_minus_low,exact_selected_score
clean_target_ablation,id,weakly_aligned_score,1,high_n_regret,1,0.0,0.0,0.0,0.0,0.95,1,16,high_minus_low,high_n_regret
clean_target_ablation,id,weakly_aligned_score,8,exact_selected_real,1,0.031954260339019935,0.0,0.031954260339019935,0.031954260339019935,0.95,1,16,high_minus_low,exact_selected_real
clean_target_ablation,id,weakly_aligned_score,8,exact_selected_score,1,0.2455230483494247,0.0,0.2455230483494247,0.2455230483494247,0.95,1,16,high_minus_low,exact_selected_score
clean_target_ablation,id,weakly_aligned_score,8,high_n_regret,1,0.0,0.0,0.0,0.0,0.95,1,16,high_minus_low,high_n_regret
clean_target_ablation,low_diversity,anti_correlated_score,1,exact_selected_real,1,-0.08283848949673456,0.0,-0.08283848949673456,-0.08283848949673456,0.95,1,16,high_minus_low,exact_selected_real
clean_target_ablation,low_diversity,anti_correlated_score,1,exact_selected_score,1,0.10240977570525578,0.0,0.10240977570525578,0.10240977570525578,0.95,1,16,high_minus_low,exact_selected_score
clean_target_ablation,low_diversity,anti_correlated_score,1,high_n_regret,1,0.0,0.0,0.0,0.0,0.95,1,16,high_minus_low,high_n_regret
clean_target_ablation,low_diversity,anti_correlated_score,8,exact_selected_real,1,-0.011896446864430366,0.0,-0.011896446864430366,-0.011896446864430366,0.95,1,16,high_minus_low,exact_selected_real
clean_target_ablation,low_diversity,anti_correlated_score,8,exact_selected_score,1,0.02843541131775884,0.0,0.02843541131775884,0.02843541131775884,0.95,1,16,high_minus_low,exact_selected_score
clean_target_ablation,low_diversity,anti_correlated_score,8,high_n_regret,1,0.0,0.0,0.0,0.0,0.95,1,16,high_minus_low,high_n_regret
clean_target_ablation,low_diversity,behavior_cloning_critic,1,exact_selected_real,1,0.04991844709274651,0.0,0.04991844709274651,0.04991844709274651,0.95,1,16,high_minus_low,exact_selected_real
clean_target_ablation,low_diversity,behavior_cloning_critic,1,exact_selected_score,1,0.022661141752841507,0.0,0.022661141752841507,0.022661141752841507,0.95,1,16,high_minus_low,exact_selected_score
clean_target_ablation,low_diversity,behavior_cloning_critic,1,high_n_regret,1,0.0,0.0,0.0,0.0,0.95,1,16,high_minus_low,high_n_regret
clean_target_ablation,low_diversity,behavior_cloning_critic,8,exact_selected_real,1,-0.017853412435915428,0.0,-0.017853412435915428,-0.017853412435915428,0.95,1,16,high_minus_low,exact_selected_real
clean_target_ablation,low_diversity,behavior_cloning_critic,8,exact_selected_score,1,0.004906198399257988,0.0,0.004906198399257988,0.004906198399257988,0.95,1,16,high_minus_low,exact_selected_score
clean_target_ablation,low_diversity,behavior_cloning_critic,8,high_n_regret,1,0.0,0.0,0.0,0.0,0.95,1,16,high_minus_low,high_n_regret
clean_target_ablation,low_diversity,calibrated_critic,1,exact_selected_real,1,0.08129392385459622,0.0,0.08129392385459622,0.08129392385459622,0.95,1,16,high_minus_low,exact_selected_real
clean_target_ablation,low_diversity,calibrated_critic,1,exact_selected_score,1,0.0927929978019878,0.0,0.0927929978019878,0.0927929978019878,0.95,1,16,high_minus_low,exact_selected_score
clean_target_ablation,low_diversity,calibrated_critic,1,high_n_regret,1,0.0,0.0,0.0,0.0,0.95,1,16,high_minus_low,high_n_regret
clean_target_ablation,low_diversity,calibrated_critic,8,exact_selected_real,1,0.024255668121138663,0.0,0.024255668121138663,0.024255668121138663,0.95,1,16,high_minus_low,exact_selected_real
clean_target_ablation,low_diversity,calibrated_critic,8,exact_selected_score,1,0.011415335674375138,0.0,0.011415335674375138,0.011415335674375138,0.95,1,16,high_minus_low,exact_selected_score
clean_target_ablation,low_diversity,calibrated_critic,8,high_n_regret,1,0.0,0.0,0.0,0.0,0.95,1,16,high_minus_low,high_n_regret
clean_target_ablation,low_diversity,diffusion_internal_score,1,exact_selected_real,1,0.02310763981541175,0.0,0.02310763981541175,0.02310763981541175,0.95,1,16,high_minus_low,exact_selected_real
clean_target_ablation,low_diversity,diffusion_internal_score,1,exact_selected_score,1,0.4645821034402702,0.0,0.4645821034402702,0.4645821034402702,0.95,1,16,high_minus_low,exact_selected_score
clean_target_ablation,low_diversity,diffusion_internal_score,1,high_n_regret,1,0.0,0.0,0.0,0.0,0.95,1,16,high_minus_low,high_n_regret
clean_target_ablation,low_diversity,diffusion_internal_score,8,exact_selected_real,1,-0.011001441663751277,0.0,-0.011001441663751277,-0.011001441663751277,0.95,1,16,high_minus_low,exact_selected_real
clean_target_ablation,low_diversity,diffusion_internal_score,8,exact_selected_score,1,0.6084817927163989,0.0,0.6084817927163989,0.6084817927163989,0.95,1,16,high_minus_low,exact_selected_score
clean_target_ablation,low_diversity,diffusion_internal_score,8,high_n_regret,1,0.0,0.0,0.0,0.0,0.95,1,16,high_minus_low,high_n_regret
clean_target_ablation,low_diversity,diffusion_likelihood_proxy,1,exact_selected_real,1,0.04991844709274651,0.0,0.04991844709274651,0.04991844709274651,0.95,1,16,high_minus_low,exact_selected_real
clean_target_ablation,low_diversity,diffusion_likelihood_proxy,1,exact_selected_score,1,0.015051396713692156,0.0,0.015051396713692156,0.015051396713692156,0.95,1,16,high_minus_low,exact_selected_score
clean_target_ablation,low_diversity,diffusion_likelihood_proxy,1,high_n_regret,1,0.0,0.0,0.0,0.0,0.95,1,16,high_minus_low,high_n_regret
clean_target_ablation,low_diversity,diffusion_likelihood_proxy,8,exact_selected_real,1,-0.017853412435915428,0.0,-0.017853412435915428,-0.017853412435915428,0.95,1,16,high_minus_low,exact_selected_real
clean_target_ablation,low_diversity,diffusion_likelihood_proxy,8,exact_selected_score,1,0.003345531982131389,0.0,0.003345531982131389,0.003345531982131389,0.95,1,16,high_minus_low,exact_selected_score
clean_target_ablation,low_diversity,diffusion_likelihood_proxy,8,high_n_regret,1,0.0,0.0,0.0,0.0,0.95,1,16,high_minus_low,high_n_regret
clean_target_ablation,low_diversity,learned_value_critic_from_pilot_rollouts,1,exact_selected_real,1,0.08129410283777416,0.0,0.08129410283777416,0.08129410283777416,0.95,1,16,high_minus_low,exact_selected_real
clean_target_ablation,low_diversity,learned_value_critic_from_pilot_rollouts,1,exact_selected_score,1,0.06507117964708731,0.0,0.06507117964708731,0.06507117964708731,0.95,1,16,high_minus_low,exact_selected_score
clean_target_ablation,low_diversity,learned_value_critic_from_pilot_rollouts,1,high_n_regret,1,0.0,0.0,0.0,0.0,0.95,1,16,high_minus_low,high_n_regret
clean_target_ablation,low_diversity,learned_value_critic_from_pilot_rollouts,8,exact_selected_real,1,-0.017984581372611053,0.0,-0.017984581372611053,-0.017984581372611053,0.95,1,16,high_minus_low,exact_selected_real
clean_target_ablation,low_diversity,learned_value_critic_from_pilot_rollouts,8,exact_selected_score,1,0.0018899691639782112,0.0,0.0018899691639782112,0.0018899691639782112,0.95,1,16,high_minus_low,exact_selected_score
clean_target_ablation,low_diversity,learned_value_critic_from_pilot_rollouts,8,high_n_regret,1,0.0,0.0,0.0,0.0,0.95,1,16,high_minus_low,high_n_regret
clean_target_ablation,low_diversity,oracle_real_utility_selector,1,exact_selected_real,1,0.0838796863404715,0.0,0.0838796863404715,0.0838796863404715,0.95,1,16,high_minus_low,exact_selected_real
clean_target_ablation,low_diversity,oracle_real_utility_selector,1,exact_selected_score,1,0.0838796863404715,0.0,0.0838796863404715,0.0838796863404715,0.95,1,16,high_minus_low,exact_selected_score
clean_target_ablation,low_diversity,oracle_real_utility_selector,1,high_n_regret,1,0.0,0.0,0.0,0.0,0.95,1,16,high_minus_low,high_n_regret
clean_target_ablation,low_diversity,oracle_real_utility_selector,8,exact_selected_real,1,0.024320847435593818,0.0,0.024320847435593818,0.024320847435593818,0.95,1,16,high_minus_low,exact_selected_real
clean_target_ablation,low_diversity,oracle_real_utility_selector,8,exact_selected_score,1,0.024320847435593818,0.0,0.024320847435593818,0.024320847435593818,0.95,1,16,high_minus_low,exact_selected_score
clean_target_ablation,low_diversity,oracle_real_utility_selector,8,high_n_regret,1,0.0,0.0,0.0,0.0,0.95,1,16,high_minus_low,high_n_regret
clean_target_ablation,low_diversity,random_sample_selection,1,exact_selected_real,1,0.021966584148038204,0.0,0.021966584148038204,0.021966584148038204,0.95,1,16,high_minus_low,exact_selected_real
clean_target_ablation,low_diversity,random_sample_selection,1,exact_selected_score,1,2.3641832850901374,0.0,2.3641832850901374,2.3641832850901374,0.95,1,16,high_minus_low,exact_selected_score
clean_target_ablation,low_diversity,random_sample_selection,1,high_n_regret,1,0.0,0.0,0.0,0.0,0.95,1,16,high_minus_low,high_n_regret
clean_target_ablation,low_diversity,random_sample_selection,8,exact_selected_real,1,0.003293517552608205,0.0,0.003293517552608205,0.003293517552608205,0.95,1,16,high_minus_low,exact_selected_real
clean_target_ablation,low_diversity,random_sample_selection,8,exact_selected_score,1,1.1150525922797403,0.0,1.1150525922797403,1.1150525922797403,0.95,1,16,high_minus_low,exact_selected_score
clean_target_ablation,low_diversity,random_sample_selection,8,high_n_regret,1,0.0,0.0,0.0,0.0,0.95,1,16,high_minus_low,high_n_regret
clean_target_ablation,low_diversity,tail_only_misaligned_score,1,exact_selected_real,1,0.08085664352948652,0.0,0.08085664352948652,0.08085664352948652,0.95,1,16,high_minus_low,exact_selected_real
clean_target_ablation,low_diversity,tail_only_misaligned_score,1,exact_selected_score,1,0.08579779654392494,0.0,0.08579779654392494,0.08579779654392494,0.95,1,16,high_minus_low,exact_selected_score
clean_target_ablation,low_diversity,tail_only_misaligned_score,1,high_n_regret,1,0.0,0.0,0.0,0.0,0.95,1,16,high_minus_low,high_n_regret
clean_target_ablation,low_diversity,tail_only_misaligned_score,8,exact_selected_real,1,0.0176919517201255,0.0,0.0176919517201255,0.0176919517201255,0.95,1,16,high_minus_low,exact_selected_real
clean_target_ablation,low_diversity,tail_only_misaligned_score,8,exact_selected_score,1,0.027856359791454288,0.0,0.027856359791454288,0.027856359791454288,0.95,1,16,high_minus_low,exact_selected_score
clean_target_ablation,low_diversity,tail_only_misaligned_score,8,high_n_regret,1,0.0,0.0,0.0,0.0,0.95,1,16,high_minus_low,high_n_regret
clean_target_ablation,low_diversity,weakly_aligned_score,1,exact_selected_real,1,0.06582235290700222,0.0,0.06582235290700222,0.06582235290700222,0.95,1,16,high_minus_low,exact_selected_real
clean_target_ablation,low_diversity,weakly_aligned_score,1,exact_selected_score,1,0.3206675724028538,0.0,0.3206675724028538,0.3206675724028538,0.95,1,16,high_minus_low,exact_selected_score
clean_target_ablation,low_diversity,weakly_aligned_score,1,high_n_regret,1,0.0,0.0,0.0,0.0,0.95,1,16,high_minus_low,high_n_regret
clean_target_ablation,low_diversity,weakly_aligned_score,8,exact_selected_real,1,-0.007032219423207309,0.0,-0.007032219423207309,-0.007032219423207309,0.95,1,16,high_minus_low,exact_selected_real
clean_target_ablation,low_diversity,weakly_aligned_score,8,exact_selected_score,1,0.3047701682092546,0.0,0.3047701682092546,0.3047701682092546,0.95,1,16,high_minus_low,exact_selected_score
clean_target_ablation,low_diversity,weakly_aligned_score,8,high_n_regret,1,0.0,0.0,0.0,0.0,0.95,1,16,high_minus_low,high_n_regret
consistency_1step,hidden_obstacle,anti_correlated_score,1,exact_selected_real,1,-0.5394642387063873,0.0,-0.5394642387063873,-0.5394642387063873,0.95,1,16,high_minus_low,exact_selected_real
consistency_1step,hidden_obstacle,anti_correlated_score,1,exact_selected_score,1,0.5342156503117721,0.0,0.5342156503117721,0.5342156503117721,0.95,1,16,high_minus_low,exact_selected_score
consistency_1step,hidden_obstacle,anti_correlated_score,1,high_n_regret,1,0.0,0.0,0.0,0.0,0.95,1,16,high_minus_low,high_n_regret
consistency_1step,hidden_obstacle,behavior_cloning_critic,1,exact_selected_real,1,0.12020666041687766,0.0,0.12020666041687766,0.12020666041687766,0.95,1,16,high_minus_low,exact_selected_real
consistency_1step,hidden_obstacle,behavior_cloning_critic,1,exact_selected_score,1,0.5378993351555716,0.0,0.5378993351555716,0.5378993351555716,0.95,1,16,high_minus_low,exact_selected_score
consistency_1step,hidden_obstacle,behavior_cloning_critic,1,high_n_regret,1,0.0,0.0,0.0,0.0,0.95,1,16,high_minus_low,high_n_regret
consistency_1step,hidden_obstacle,calibrated_critic,1,exact_selected_real,1,0.1548101039674501,0.0,0.1548101039674501,0.1548101039674501,0.95,1,16,high_minus_low,exact_selected_real
consistency_1step,hidden_obstacle,calibrated_critic,1,exact_selected_score,1,0.37606422110364957,0.0,0.37606422110364957,0.37606422110364957,0.95,1,16,high_minus_low,exact_selected_score
consistency_1step,hidden_obstacle,calibrated_critic,1,high_n_regret,1,0.0,0.0,0.0,0.0,0.95,1,16,high_minus_low,high_n_regret
consistency_1step,hidden_obstacle,diffusion_internal_score,1,exact_selected_real,1,0.07347142275033436,0.0,0.07347142275033436,0.07347142275033436,0.95,1,16,high_minus_low,exact_selected_real
consistency_1step,hidden_obstacle,diffusion_internal_score,1,exact_selected_score,1,0.4855989574736025,0.0,0.4855989574736025,0.4855989574736025,0.95,1,16,high_minus_low,exact_selected_score
consistency_1step,hidden_obstacle,diffusion_internal_score,1,high_n_regret,1,0.0,0.0,0.0,0.0,0.95,1,16,high_minus_low,high_n_regret
consistency_1step,hidden_obstacle,diffusion_likelihood_proxy,1,exact_selected_real,1,0.12006459436718231,0.0,0.12006459436718231,0.12006459436718231,0.95,1,16,high_minus_low,exact_selected_real
consistency_1step,hidden_obstacle,diffusion_likelihood_proxy,1,exact_selected_score,1,0.3754208537047465,0.0,0.3754208537047465,0.3754208537047465,0.95,1,16,high_minus_low,exact_selected_score
consistency_1step,hidden_obstacle,diffusion_likelihood_proxy,1,high_n_regret,1,0.0,0.0,0.0,0.0,0.95,1,16,high_minus_low,high_n_regret
consistency_1step,hidden_obstacle,learned_value_critic_from_pilot_rollouts,1,exact_selected_real,1,0.18666596446580752,0.0,0.18666596446580752,0.18666596446580752,0.95,1,16,high_minus_low,exact_selected_real
consistency_1step,hidden_obstacle,learned_value_critic_from_pilot_rollouts,1,exact_selected_score,1,0.35927943385478855,0.0,0.35927943385478855,0.35927943385478855,0.95,1,16,high_minus_low,exact_selected_score
consistency_1step,hidden_obstacle,learned_value_critic_from_pilot_rollouts,1,high_n_regret,1,0.0,0.0,0.0,0.0,0.95,1,16,high_minus_low,high_n_regret
consistency_1step,hidden_obstacle,oracle_real_utility_selector,1,exact_selected_real,1,0.29048042254273465,0.0,0.29048042254273465,0.29048042254273465,0.95,1,16,high_minus_low,exact_selected_real
consistency_1step,hidden_obstacle,oracle_real_utility_selector,1,exact_selected_score,1,0.29048042254273465,0.0,0.29048042254273465,0.29048042254273465,0.95,1,16,high_minus_low,exact_selected_score
consistency_1step,hidden_obstacle,oracle_real_utility_selector,1,high_n_regret,1,0.0,0.0,0.0,0.0,0.95,1,16,high_minus_low,high_n_regret
consistency_1step,hidden_obstacle,random_sample_selection,1,exact_selected_real,1,0.13783076640872416,0.0,0.13783076640872416,0.13783076640872416,0.95,1,16,high_minus_low,exact_selected_real
consistency_1step,hidden_obstacle,random_sample_selection,1,exact_selected_score,1,1.8768997284451139,0.0,1.8768997284451139,1.8768997284451139,0.95,1,16,high_minus_low,exact_selected_score
consistency_1step,hidden_obstacle,random_sample_selection,1,high_n_regret,1,0.0,0.0,0.0,0.0,0.95,1,16,high_minus_low,high_n_regret
consistency_1step,hidden_obstacle,tail_only_misaligned_score,1,exact_selected_real,1,0.11454753418223329,0.0,0.11454753418223329,0.11454753418223329,0.95,1,16,high_minus_low,exact_selected_real
consistency_1step,hidden_obstacle,tail_only_misaligned_score,1,exact_selected_score,1,1.3771369661626904,0.0,1.3771369661626904,1.3771369661626904,0.95,1,16,high_minus_low,exact_selected_score
consistency_1step,hidden_obstacle,tail_only_misaligned_score,1,high_n_regret,1,0.0,0.0,0.0,0.0,0.95,1,16,high_minus_low,high_n_regret
consistency_1step,hidden_obstacle,weakly_aligned_score,1,exact_selected_real,1,0.24331134775880736,0.0,0.24331134775880736,0.24331134775880736,0.95,1,16,high_minus_low,exact_selected_real
consistency_1step,hidden_obstacle,weakly_aligned_score,1,exact_selected_score,1,0.15941003861180436,0.0,0.15941003861180436,0.15941003861180436,0.95,1,16,high_minus_low,exact_selected_score
consistency_1step,hidden_obstacle,weakly_aligned_score,1,high_n_regret,1,0.0,0.0,0.0,0.0,0.95,1,16,high_minus_low,high_n_regret
consistency_1step,id,anti_correlated_score,1,exact_selected_real,1,-0.3646871256276849,0.0,-0.3646871256276849,-0.3646871256276849,0.95,1,16,high_minus_low,exact_selected_real
consistency_1step,id,anti_correlated_score,1,exact_selected_score,1,0.36193335726050524,0.0,0.36193335726050524,0.36193335726050524,0.95,1,16,high_minus_low,exact_selected_score
consistency_1step,id,anti_correlated_score,1,high_n_regret,1,0.0,0.0,0.0,0.0,0.95,1,16,high_minus_low,high_n_regret
consistency_1step,id,behavior_cloning_critic,1,exact_selected_real,1,0.4022630054553603,0.0,0.4022630054553603,0.4022630054553603,0.95,1,16,high_minus_low,exact_selected_real
consistency_1step,id,behavior_cloning_critic,1,exact_selected_score,1,0.33923758140935234,0.0,0.33923758140935234,0.33923758140935234,0.95,1,16,high_minus_low,exact_selected_score
consistency_1step,id,behavior_cloning_critic,1,high_n_regret,1,0.0,0.0,0.0,0.0,0.95,1,16,high_minus_low,high_n_regret
consistency_1step,id,calibrated_critic,1,exact_selected_real,1,0.40341615027140354,0.0,0.40341615027140354,0.40341615027140354,0.95,1,16,high_minus_low,exact_selected_real
consistency_1step,id,calibrated_critic,1,exact_selected_score,1,0.4034759508260952,0.0,0.4034759508260952,0.4034759508260952,0.95,1,16,high_minus_low,exact_selected_score
consistency_1step,id,calibrated_critic,1,high_n_regret,1,0.0,0.0,0.0,0.0,0.95,1,16,high_minus_low,high_n_regret
consistency_1step,id,diffusion_internal_score,1,exact_selected_real,1,-0.17946962009880107,0.0,-0.17946962009880107,-0.17946962009880107,0.95,1,16,high_minus_low,exact_selected_real
consistency_1step,id,diffusion_internal_score,1,exact_selected_score,1,0.7409906654525276,0.0,0.7409906654525276,0.7409906654525276,0.95,1,16,high_minus_low,exact_selected_score
consistency_1step,id,diffusion_internal_score,1,high_n_regret,1,0.0,0.0,0.0,0.0,0.95,1,16,high_minus_low,high_n_regret
consistency_1step,id,diffusion_likelihood_proxy,1,exact_selected_real,1,0.40225856599658827,0.0,0.40225856599658827,0.40225856599658827,0.95,1,16,high_minus_low,exact_selected_real
consistency_1step,id,diffusion_likelihood_proxy,1,exact_selected_score,1,0.23411995663917817,0.0,0.23411995663917817,0.23411995663917817,0.95,1,16,high_minus_low,exact_selected_score
consistency_1step,id,diffusion_likelihood_proxy,1,high_n_regret,1,0.0,0.0,0.0,0.0,0.95,1,16,high_minus_low,high_n_regret
consistency_1step,id,learned_value_critic_from_pilot_rollouts,1,exact_selected_real,1,0.4022630054553603,0.0,0.4022630054553603,0.4022630054553603,0.95,1,16,high_minus_low,exact_selected_real
consistency_1step,id,learned_value_critic_from_pilot_rollouts,1,exact_selected_score,1,0.39811620760735356,0.0,0.39811620760735356,0.39811620760735356,0.95,1,16,high_minus_low,exact_selected_score
consistency_1step,id,learned_value_critic_from_pilot_rollouts,1,high_n_regret,1,0.0,0.0,0.0,0.0,0.95,1,16,high_minus_low,high_n_regret
consistency_1step,id,oracle_real_utility_selector,1,exact_selected_real,1,0.40341615027140354,0.0,0.40341615027140354,0.40341615027140354,0.95,1,16,high_minus_low,exact_selected_real
consistency_1step,id,oracle_real_utility_selector,1,exact_selected_score,1,0.40341615027140354,0.0,0.40341615027140354,0.40341615027140354,0.95,1,16,high_minus_low,exact_selected_score
consistency_1step,id,oracle_real_utility_selector,1,high_n_regret,1,0.0,0.0,0.0,0.0,0.95,1,16,high_minus_low,high_n_regret
consistency_1step,id,random_sample_selection,1,exact_selected_real,1,0.10091414716237512,0.0,0.10091414716237512,0.10091414716237512,0.95,1,16,high_minus_low,exact_selected_real
consistency_1step,id,random_sample_selection,1,exact_selected_score,1,1.6906346519033444,0.0,1.6906346519033444,1.6906346519033444,0.95,1,16,high_minus_low,exact_selected_score
consistency_1step,id,random_sample_selection,1,high_n_regret,1,0.0,0.0,0.0,0.0,0.95,1,16,high_minus_low,high_n_regret
consistency_1step,id,tail_only_misaligned_score,1,exact_selected_real,1,0.3943822606456374,0.0,0.3943822606456374,0.3943822606456374,0.95,1,16,high_minus_low,exact_selected_real
consistency_1step,id,tail_only_misaligned_score,1,exact_selected_score,1,0.47005412438142224,0.0,0.47005412438142224,0.47005412438142224,0.95,1,16,high_minus_low,exact_selected_score
consistency_1step,id,tail_only_misaligned_score,1,high_n_regret,1,0.0,0.0,0.0,0.0,0.95,1,16,high_minus_low,high_n_regret
consistency_1step,id,weakly_aligned_score,1,exact_selected_real,1,0.36868385709338214,0.0,0.36868385709338214,0.36868385709338214,0.95,1,16,high_minus_low,exact_selected_real
consistency_1step,id,weakly_aligned_score,1,exact_selected_score,1,0.2018281148426619,0.0,0.2018281148426619,0.2018281148426619,0.95,1,16,high_minus_low,exact_selected_score
consistency_1step,id,weakly_aligned_score,1,high_n_regret,1,0.0,0.0,0.0,0.0,0.95,1,16,high_minus_low,high_n_regret
consistency_1step,low_diversity,anti_correlated_score,1,exact_selected_real,1,-0.03845423449545193,0.0,-0.03845423449545193,-0.03845423449545193,0.95,1,16,high_minus_low,exact_selected_real
consistency_1step,low_diversity,anti_correlated_score,1,exact_selected_score,1,0.06542340270551117,0.0,0.06542340270551117,0.06542340270551117,0.95,1,16,high_minus_low,exact_selected_score
consistency_1step,low_diversity,anti_correlated_score,1,high_n_regret,1,0.0,0.0,0.0,0.0,0.95,1,16,high_minus_low,high_n_regret
consistency_1step,low_diversity,behavior_cloning_critic,1,exact_selected_real,1,0.032239488182584264,0.0,0.032239488182584264,0.032239488182584264,0.95,1,16,high_minus_low,exact_selected_real
consistency_1step,low_diversity,behavior_cloning_critic,1,exact_selected_score,1,0.027413225870338898,0.0,0.027413225870338898,0.027413225870338898,0.95,1,16,high_minus_low,exact_selected_score
consistency_1step,low_diversity,behavior_cloning_critic,1,high_n_regret,1,0.0,0.0,0.0,0.0,0.95,1,16,high_minus_low,high_n_regret
consistency_1step,low_diversity,calibrated_critic,1,exact_selected_real,1,0.032239488182584264,0.0,0.032239488182584264,0.032239488182584264,0.95,1,16,high_minus_low,exact_selected_real
consistency_1step,low_diversity,calibrated_critic,1,exact_selected_score,1,0.03166917159279259,0.0,0.03166917159279259,0.03166917159279259,0.95,1,16,high_minus_low,exact_selected_score
consistency_1step,low_diversity,calibrated_critic,1,high_n_regret,1,0.0,0.0,0.0,0.0,0.95,1,16,high_minus_low,high_n_regret
consistency_1step,low_diversity,diffusion_internal_score,1,exact_selected_real,1,-0.0010866414668571078,0.0,-0.0010866414668571078,-0.0010866414668571078,0.95,1,16,high_minus_low,exact_selected_real
consistency_1step,low_diversity,diffusion_internal_score,1,exact_selected_score,1,0.534419208644511,0.0,0.534419208644511,0.534419208644511,0.95,1,16,high_minus_low,exact_selected_score
consistency_1step,low_diversity,diffusion_internal_score,1,high_n_regret,1,0.0,0.0,0.0,0.0,0.95,1,16,high_minus_low,high_n_regret
consistency_1step,low_diversity,diffusion_likelihood_proxy,1,exact_selected_real,1,0.03223916784185166,0.0,0.03223916784185166,0.03223916784185166,0.95,1,16,high_minus_low,exact_selected_real
consistency_1step,low_diversity,diffusion_likelihood_proxy,1,exact_selected_score,1,0.01881528230850882,0.0,0.01881528230850882,0.01881528230850882,0.95,1,16,high_minus_low,exact_selected_score
consistency_1step,low_diversity,diffusion_likelihood_proxy,1,high_n_regret,1,0.0,0.0,0.0,0.0,0.95,1,16,high_minus_low,high_n_regret
consistency_1step,low_diversity,learned_value_critic_from_pilot_rollouts,1,exact_selected_real,1,0.03220723258901792,0.0,0.03220723258901792,0.03220723258901792,0.95,1,16,high_minus_low,exact_selected_real
consistency_1step,low_diversity,learned_value_critic_from_pilot_rollouts,1,exact_selected_score,1,0.017722088528954627,0.0,0.017722088528954627,0.017722088528954627,0.95,1,16,high_minus_low,exact_selected_score
consistency_1step,low_diversity,learned_value_critic_from_pilot_rollouts,1,high_n_regret,1,0.0,0.0,0.0,0.0,0.95,1,16,high_minus_low,high_n_regret
consistency_1step,low_diversity,oracle_real_utility_selector,1,exact_selected_real,1,0.032239488182584264,0.0,0.032239488182584264,0.032239488182584264,0.95,1,16,high_minus_low,exact_selected_real
consistency_1step,low_diversity,oracle_real_utility_selector,1,exact_selected_score,1,0.032239488182584264,0.0,0.032239488182584264,0.032239488182584264,0.95,1,16,high_minus_low,exact_selected_score
consistency_1step,low_diversity,oracle_real_utility_selector,1,high_n_regret,1,0.0,0.0,0.0,0.0,0.95,1,16,high_minus_low,high_n_regret
consistency_1step,low_diversity,random_sample_selection,1,exact_selected_real,1,-0.0009934713210686397,0.0,-0.0009934713210686397,-0.0009934713210686397,0.95,1,16,high_minus_low,exact_selected_real
consistency_1step,low_diversity,random_sample_selection,1,exact_selected_score,1,1.4200502745839332,0.0,1.4200502745839332,1.4200502745839332,0.95,1,16,high_minus_low,exact_selected_score
consistency_1step,low_diversity,random_sample_selection,1,high_n_regret,1,0.0,0.0,0.0,0.0,0.95,1,16,high_minus_low,high_n_regret
consistency_1step,low_diversity,tail_only_misaligned_score,1,exact_selected_real,1,0.009130181682372118,0.0,0.009130181682372118,0.009130181682372118,0.95,1,16,high_minus_low,exact_selected_real
consistency_1step,low_diversity,tail_only_misaligned_score,1,exact_selected_score,1,0.07118076361486092,0.0,0.07118076361486092,0.07118076361486092,0.95,1,16,high_minus_low,exact_selected_score
consistency_1step,low_diversity,tail_only_misaligned_score,1,high_n_regret,1,0.0,0.0,0.0,0.0,0.95,1,16,high_minus_low,high_n_regret
consistency_1step,low_diversity,weakly_aligned_score,1,exact_selected_real,1,0.0026167502398368736,0.0,0.0026167502398368736,0.0026167502398368736,0.95,1,16,high_minus_low,exact_selected_real
consistency_1step,low_diversity,weakly_aligned_score,1,exact_selected_score,1,0.23158366075353312,0.0,0.23158366075353312,0.23158366075353312,0.95,1,16,high_minus_low,exact_selected_score
consistency_1step,low_diversity,weakly_aligned_score,1,high_n_regret,1,0.0,0.0,0.0,0.0,0.95,1,16,high_minus_low,high_n_regret
ddim_eps,hidden_obstacle,anti_correlated_score,1,exact_selected_real,1,-0.42790546971819143,0.0,-0.42790546971819143,-0.42790546971819143,0.95,1,16,high_minus_low,exact_selected_real
ddim_eps,hidden_obstacle,anti_correlated_score,1,exact_selected_score,1,0.4322695888132295,0.0,0.4322695888132295,0.4322695888132295,0.95,1,16,high_minus_low,exact_selected_score
ddim_eps,hidden_obstacle,anti_correlated_score,1,high_n_regret,1,0.0,0.0,0.0,0.0,0.95,1,16,high_minus_low,high_n_regret
ddim_eps,hidden_obstacle,anti_correlated_score,8,exact_selected_real,1,-0.5246038187528013,0.0,-0.5246038187528013,-0.5246038187528013,0.95,1,16,high_minus_low,exact_selected_real
ddim_eps,hidden_obstacle,anti_correlated_score,8,exact_selected_score,1,0.5376571732676017,0.0,0.5376571732676017,0.5376571732676017,0.95,1,16,high_minus_low,exact_selected_score
ddim_eps,hidden_obstacle,anti_correlated_score,8,high_n_regret,1,0.0,0.0,0.0,0.0,0.95,1,16,high_minus_low,high_n_regret
ddim_eps,hidden_obstacle,behavior_cloning_critic,1,exact_selected_real,1,-0.14708632805830346,0.0,-0.14708632805830346,-0.14708632805830346,0.95,1,16,high_minus_low,exact_selected_real
ddim_eps,hidden_obstacle,behavior_cloning_critic,1,exact_selected_score,1,0.5053087831713006,0.0,0.5053087831713006,0.5053087831713006,0.95,1,16,high_minus_low,exact_selected_score
ddim_eps,hidden_obstacle,behavior_cloning_critic,1,high_n_regret,1,0.0,0.0,0.0,0.0,0.95,1,16,high_minus_low,high_n_regret
ddim_eps,hidden_obstacle,behavior_cloning_critic,8,exact_selected_real,1,0.16956290682364172,0.0,0.16956290682364172,0.16956290682364172,0.95,1,16,high_minus_low,exact_selected_real
ddim_eps,hidden_obstacle,behavior_cloning_critic,8,exact_selected_score,1,0.5055469525427275,0.0,0.5055469525427275,0.5055469525427275,0.95,1,16,high_minus_low,exact_selected_score
ddim_eps,hidden_obstacle,behavior_cloning_critic,8,high_n_regret,1,0.0,0.0,0.0,0.0,0.95,1,16,high_minus_low,high_n_regret
ddim_eps,hidden_obstacle,calibrated_critic,1,exact_selected_real,1,0.40820970955131985,0.0,0.40820970955131985,0.40820970955131985,0.95,1,16,high_minus_low,exact_selected_real
ddim_eps,hidden_obstacle,calibrated_critic,1,exact_selected_score,1,0.38935405997185324,0.0,0.38935405997185324,0.38935405997185324,0.95,1,16,high_minus_low,exact_selected_score
ddim_eps,hidden_obstacle,calibrated_critic,1,high_n_regret,1,0.0,0.0,0.0,0.0,0.95,1,16,high_minus_low,high_n_regret
ddim_eps,hidden_obstacle,calibrated_critic,8,exact_selected_real,1,0.20515256038904894,0.0,0.20515256038904894,0.20515256038904894,0.95,1,16,high_minus_low,exact_selected_real
ddim_eps,hidden_obstacle,calibrated_critic,8,exact_selected_score,1,0.21381280509089984,0.0,0.21381280509089984,0.21381280509089984,0.95,1,16,high_minus_low,exact_selected_score
ddim_eps,hidden_obstacle,calibrated_critic,8,high_n_regret,1,0.0,0.0,0.0,0.0,0.95,1,16,high_minus_low,high_n_regret
ddim_eps,hidden_obstacle,diffusion_internal_score,1,exact_selected_real,1,-0.22153026171609325,0.0,-0.22153026171609325,-0.22153026171609325,0.95,1,16,high_minus_low,exact_selected_real
ddim_eps,hidden_obstacle,diffusion_internal_score,1,exact_selected_score,1,0.4243010132589705,0.0,0.4243010132589705,0.4243010132589705,0.95,1,16,high_minus_low,exact_selected_score
ddim_eps,hidden_obstacle,diffusion_internal_score,1,high_n_regret,1,0.0,0.0,0.0,0.0,0.95,1,16,high_minus_low,high_n_regret
ddim_eps,hidden_obstacle,diffusion_internal_score,8,exact_selected_real,1,-0.03884338828846223,0.0,-0.03884338828846223,-0.03884338828846223,0.95,1,16,high_minus_low,exact_selected_real
ddim_eps,hidden_obstacle,diffusion_internal_score,8,exact_selected_score,1,0.658627365324967,0.0,0.658627365324967,0.658627365324967,0.95,1,16,high_minus_low,exact_selected_score
ddim_eps,hidden_obstacle,diffusion_internal_score,8,high_n_regret,1,0.0,0.0,0.0,0.0,0.95,1,16,high_minus_low,high_n_regret
ddim_eps,hidden_obstacle,diffusion_likelihood_proxy,1,exact_selected_real,1,-0.14708862168025916,0.0,-0.14708862168025916,-0.14708862168025916,0.95,1,16,high_minus_low,exact_selected_real
ddim_eps,hidden_obstacle,diffusion_likelihood_proxy,1,exact_selected_score,1,0.33829099864453993,0.0,0.33829099864453993,0.33829099864453993,0.95,1,16,high_minus_low,exact_selected_score
ddim_eps,hidden_obstacle,diffusion_likelihood_proxy,1,high_n_regret,1,0.0,0.0,0.0,0.0,0.95,1,16,high_minus_low,high_n_regret
ddim_eps,hidden_obstacle,diffusion_likelihood_proxy,8,exact_selected_real,1,0.16956296594401787,0.0,0.16956296594401787,0.16956296594401787,0.95,1,16,high_minus_low,exact_selected_real
ddim_eps,hidden_obstacle,diffusion_likelihood_proxy,8,exact_selected_score,1,0.34335880683183656,0.0,0.34335880683183656,0.34335880683183656,0.95,1,16,high_minus_low,exact_selected_score
ddim_eps,hidden_obstacle,diffusion_likelihood_proxy,8,high_n_regret,1,0.0,0.0,0.0,0.0,0.95,1,16,high_minus_low,high_n_regret
ddim_eps,hidden_obstacle,learned_value_critic_from_pilot_rollouts,1,exact_selected_real,1,0.19611914249093387,0.0,0.19611914249093387,0.19611914249093387,0.95,1,16,high_minus_low,exact_selected_real
ddim_eps,hidden_obstacle,learned_value_critic_from_pilot_rollouts,1,exact_selected_score,1,0.35310083834399464,0.0,0.35310083834399464,0.35310083834399464,0.95,1,16,high_minus_low,exact_selected_score
ddim_eps,hidden_obstacle,learned_value_critic_from_pilot_rollouts,1,high_n_regret,1,0.0,0.0,0.0,0.0,0.95,1,16,high_minus_low,high_n_regret
ddim_eps,hidden_obstacle,learned_value_critic_from_pilot_rollouts,8,exact_selected_real,1,0.46545735383623976,0.0,0.46545735383623976,0.46545735383623976,0.95,1,16,high_minus_low,exact_selected_real
ddim_eps,hidden_obstacle,learned_value_critic_from_pilot_rollouts,8,exact_selected_score,1,0.4957754972311075,0.0,0.4957754972311075,0.4957754972311075,0.95,1,16,high_minus_low,exact_selected_score
ddim_eps,hidden_obstacle,learned_value_critic_from_pilot_rollouts,8,high_n_regret,1,0.0,0.0,0.0,0.0,0.95,1,16,high_minus_low,high_n_regret
ddim_eps,hidden_obstacle,oracle_real_utility_selector,1,exact_selected_real,1,0.4103031098691823,0.0,0.4103031098691823,0.4103031098691823,0.95,1,16,high_minus_low,exact_selected_real
ddim_eps,hidden_obstacle,oracle_real_utility_selector,1,exact_selected_score,1,0.4103031098691823,0.0,0.4103031098691823,0.4103031098691823,0.95,1,16,high_minus_low,exact_selected_score
ddim_eps,hidden_obstacle,oracle_real_utility_selector,1,high_n_regret,1,0.0,0.0,0.0,0.0,0.95,1,16,high_minus_low,high_n_regret
ddim_eps,hidden_obstacle,oracle_real_utility_selector,8,exact_selected_real,1,0.5163004252710007,0.0,0.5163004252710007,0.5163004252710007,0.95,1,16,high_minus_low,exact_selected_real
ddim_eps,hidden_obstacle,oracle_real_utility_selector,8,exact_selected_score,1,0.5163004252710007,0.0,0.5163004252710007,0.5163004252710007,0.95,1,16,high_minus_low,exact_selected_score
ddim_eps,hidden_obstacle,oracle_real_utility_selector,8,high_n_regret,1,0.0,0.0,0.0,0.0,0.95,1,16,high_minus_low,high_n_regret
ddim_eps,hidden_obstacle,random_sample_selection,1,exact_selected_real,1,0.12014376294370188,0.0,0.12014376294370188,0.12014376294370188,0.95,1,16,high_minus_low,exact_selected_real
ddim_eps,hidden_obstacle,random_sample_selection,1,exact_selected_score,1,1.3416360484335015,0.0,1.3416360484335015,1.3416360484335015,0.95,1,16,high_minus_low,exact_selected_score
ddim_eps,hidden_obstacle,random_sample_selection,1,high_n_regret,1,0.0,0.0,0.0,0.0,0.95,1,16,high_minus_low,high_n_regret
ddim_eps,hidden_obstacle,random_sample_selection,8,exact_selected_real,1,-0.027172504525651453,0.0,-0.027172504525651453,-0.027172504525651453,0.95,1,16,high_minus_low,exact_selected_real
ddim_eps,hidden_obstacle,random_sample_selection,8,exact_selected_score,1,1.6603981928636675,0.0,1.6603981928636675,1.6603981928636675,0.95,1,16,high_minus_low,exact_selected_score
ddim_eps,hidden_obstacle,random_sample_selection,8,high_n_regret,1,0.0,0.0,0.0,0.0,0.95,1,16,high_minus_low,high_n_regret
ddim_eps,hidden_obstacle,tail_only_misaligned_score,1,exact_selected_real,1,-0.14708862367420816,0.0,-0.14708862367420816,-0.14708862367420816,0.95,1,16,high_minus_low,exact_selected_real
ddim_eps,hidden_obstacle,tail_only_misaligned_score,1,exact_selected_score,1,1.1053284908195216,0.0,1.1053284908195216,1.1053284908195216,0.95,1,16,high_minus_low,exact_selected_score
ddim_eps,hidden_obstacle,tail_only_misaligned_score,1,high_n_regret,1,0.0,0.0,0.0,0.0,0.95,1,16,high_minus_low,high_n_regret
ddim_eps,hidden_obstacle,tail_only_misaligned_score,8,exact_selected_real,1,-0.006895589255349055,0.0,-0.006895589255349055,-0.006895589255349055,0.95,1,16,high_minus_low,exact_selected_real
ddim_eps,hidden_obstacle,tail_only_misaligned_score,8,exact_selected_score,1,0.9709420939678106,0.0,0.9709420939678106,0.9709420939678106,0.95,1,16,high_minus_low,exact_selected_score
ddim_eps,hidden_obstacle,tail_only_misaligned_score,8,high_n_regret,1,0.0,0.0,0.0,0.0,0.95,1,16,high_minus_low,high_n_regret
ddim_eps,hidden_obstacle,weakly_aligned_score,1,exact_selected_real,1,0.20927997219641603,0.0,0.20927997219641603,0.20927997219641603,0.95,1,16,high_minus_low,exact_selected_real
ddim_eps,hidden_obstacle,weakly_aligned_score,1,exact_selected_score,1,0.20289600350683623,0.0,0.20289600350683623,0.20289600350683623,0.95,1,16,high_minus_low,exact_selected_score
ddim_eps,hidden_obstacle,weakly_aligned_score,1,high_n_regret,1,0.0,0.0,0.0,0.0,0.95,1,16,high_minus_low,high_n_regret
ddim_eps,hidden_obstacle,weakly_aligned_score,8,exact_selected_real,1,0.45501449727205134,0.0,0.45501449727205134,0.45501449727205134,0.95,1,16,high_minus_low,exact_selected_real
ddim_eps,hidden_obstacle,weakly_aligned_score,8,exact_selected_score,1,0.3479605414855605,0.0,0.3479605414855605,0.3479605414855605,0.95,1,16,high_minus_low,exact_selected_score
ddim_eps,hidden_obstacle,weakly_aligned_score,8,high_n_regret,1,0.0,0.0,0.0,0.0,0.95,1,16,high_minus_low,high_n_regret
ddim_eps,id,anti_correlated_score,1,exact_selected_real,1,-0.42675137026918475,0.0,-0.42675137026918475,-0.42675137026918475,0.95,1,16,high_minus_low,exact_selected_real
ddim_eps,id,anti_correlated_score,1,exact_selected_score,1,0.4015830043389763,0.0,0.4015830043389763,0.4015830043389763,0.95,1,16,high_minus_low,exact_selected_score
ddim_eps,id,anti_correlated_score,1,high_n_regret,1,0.0,0.0,0.0,0.0,0.95,1,16,high_minus_low,high_n_regret
ddim_eps,id,anti_correlated_score,8,exact_selected_real,1,-0.38632039307627686,0.0,-0.38632039307627686,-0.38632039307627686,0.95,1,16,high_minus_low,exact_selected_real
ddim_eps,id,anti_correlated_score,8,exact_selected_score,1,0.4172858584761867,0.0,0.4172858584761867,0.4172858584761867,0.95,1,16,high_minus_low,exact_selected_score
ddim_eps,id,anti_correlated_score,8,high_n_regret,1,0.0,0.0,0.0,0.0,0.95,1,16,high_minus_low,high_n_regret
ddim_eps,id,behavior_cloning_critic,1,exact_selected_real,1,0.32837191025049983,0.0,0.32837191025049983,0.32837191025049983,0.95,1,16,high_minus_low,exact_selected_real
ddim_eps,id,behavior_cloning_critic,1,exact_selected_score,1,0.3033525588815229,0.0,0.3033525588815229,0.3033525588815229,0.95,1,16,high_minus_low,exact_selected_score
ddim_eps,id,behavior_cloning_critic,1,high_n_regret,1,0.0,0.0,0.0,0.0,0.95,1,16,high_minus_low,high_n_regret
ddim_eps,id,behavior_cloning_critic,8,exact_selected_real,1,0.45889403641324633,0.0,0.45889403641324633,0.45889403641324633,0.95,1,16,high_minus_low,exact_selected_real
ddim_eps,id,behavior_cloning_critic,8,exact_selected_score,1,0.45184521579345754,0.0,0.45184521579345754,0.45184521579345754,0.95,1,16,high_minus_low,exact_selected_score
ddim_eps,id,behavior_cloning_critic,8,high_n_regret,1,0.0,0.0,0.0,0.0,0.95,1,16,high_minus_low,high_n_regret
ddim_eps,id,calibrated_critic,1,exact_selected_real,1,0.3495737838523598,0.0,0.3495737838523598,0.3495737838523598,0.95,1,16,high_minus_low,exact_selected_real
ddim_eps,id,calibrated_critic,1,exact_selected_score,1,0.33970227980552703,0.0,0.33970227980552703,0.33970227980552703,0.95,1,16,high_minus_low,exact_selected_score
ddim_eps,id,calibrated_critic,1,high_n_regret,1,0.0,0.0,0.0,0.0,0.95,1,16,high_minus_low,high_n_regret
ddim_eps,id,calibrated_critic,8,exact_selected_real,1,0.42446323280438714,0.0,0.42446323280438714,0.42446323280438714,0.95,1,16,high_minus_low,exact_selected_real
ddim_eps,id,calibrated_critic,8,exact_selected_score,1,0.44752815383871836,0.0,0.44752815383871836,0.44752815383871836,0.95,1,16,high_minus_low,exact_selected_score
ddim_eps,id,calibrated_critic,8,high_n_regret,1,0.0,0.0,0.0,0.0,0.95,1,16,high_minus_low,high_n_regret
ddim_eps,id,diffusion_internal_score,1,exact_selected_real,1,-0.11309637526956928,0.0,-0.11309637526956928,-0.11309637526956928,0.95,1,16,high_minus_low,exact_selected_real
ddim_eps,id,diffusion_internal_score,1,exact_selected_score,1,0.4584839374203771,0.0,0.4584839374203771,0.4584839374203771,0.95,1,16,high_minus_low,exact_selected_score
ddim_eps,id,diffusion_internal_score,1,high_n_regret,1,0.0,0.0,0.0,0.0,0.95,1,16,high_minus_low,high_n_regret
ddim_eps,id,diffusion_internal_score,8,exact_selected_real,1,-0.2712066362493273,0.0,-0.2712066362493273,-0.2712066362493273,0.95,1,16,high_minus_low,exact_selected_real
ddim_eps,id,diffusion_internal_score,8,exact_selected_score,1,0.4957120517567588,0.0,0.4957120517567588,0.4957120517567588,0.95,1,16,high_minus_low,exact_selected_score
ddim_eps,id,diffusion_internal_score,8,high_n_regret,1,0.0,0.0,0.0,0.0,0.95,1,16,high_minus_low,high_n_regret
ddim_eps,id,diffusion_likelihood_proxy,1,exact_selected_real,1,0.32837191024961454,0.0,0.32837191024961454,0.32837191024961454,0.95,1,16,high_minus_low,exact_selected_real
ddim_eps,id,diffusion_likelihood_proxy,1,exact_selected_score,1,0.20736883000116912,0.0,0.20736883000116912,0.20736883000116912,0.95,1,16,high_minus_low,exact_selected_score
ddim_eps,id,diffusion_likelihood_proxy,1,high_n_regret,1,0.0,0.0,0.0,0.0,0.95,1,16,high_minus_low,high_n_regret
ddim_eps,id,diffusion_likelihood_proxy,8,exact_selected_real,1,0.4588939703384137,0.0,0.4588939703384137,0.4588939703384137,0.95,1,16,high_minus_low,exact_selected_real
ddim_eps,id,diffusion_likelihood_proxy,8,exact_selected_score,1,0.3094744006815441,0.0,0.3094744006815441,0.3094744006815441,0.95,1,16,high_minus_low,exact_selected_score
ddim_eps,id,diffusion_likelihood_proxy,8,high_n_regret,1,0.0,0.0,0.0,0.0,0.95,1,16,high_minus_low,high_n_regret
ddim_eps,id,learned_value_critic_from_pilot_rollouts,1,exact_selected_real,1,0.34183092220061884,0.0,0.34183092220061884,0.34183092220061884,0.95,1,16,high_minus_low,exact_selected_real
ddim_eps,id,learned_value_critic_from_pilot_rollouts,1,exact_selected_score,1,0.31376851219372437,0.0,0.31376851219372437,0.31376851219372437,0.95,1,16,high_minus_low,exact_selected_score
ddim_eps,id,learned_value_critic_from_pilot_rollouts,1,high_n_regret,1,0.0,0.0,0.0,0.0,0.95,1,16,high_minus_low,high_n_regret
ddim_eps,id,learned_value_critic_from_pilot_rollouts,8,exact_selected_real,1,0.4587126922896092,0.0,0.4587126922896092,0.4587126922896092,0.95,1,16,high_minus_low,exact_selected_real
ddim_eps,id,learned_value_critic_from_pilot_rollouts,8,exact_selected_score,1,0.3329778009608315,0.0,0.3329778009608315,0.3329778009608315,0.95,1,16,high_minus_low,exact_selected_score
ddim_eps,id,learned_value_critic_from_pilot_rollouts,8,high_n_regret,1,0.0,0.0,0.0,0.0,0.95,1,16,high_minus_low,high_n_regret
ddim_eps,id,oracle_real_utility_selector,1,exact_selected_real,1,0.3516019422078739,0.0,0.3516019422078739,0.3516019422078739,0.95,1,16,high_minus_low,exact_selected_real
ddim_eps,id,oracle_real_utility_selector,1,exact_selected_score,1,0.3516019422078739,0.0,0.3516019422078739,0.3516019422078739,0.95,1,16,high_minus_low,exact_selected_score
ddim_eps,id,oracle_real_utility_selector,1,high_n_regret,1,0.0,0.0,0.0,0.0,0.95,1,16,high_minus_low,high_n_regret
ddim_eps,id,oracle_real_utility_selector,8,exact_selected_real,1,0.47896010524195254,0.0,0.47896010524195254,0.47896010524195254,0.95,1,16,high_minus_low,exact_selected_real
ddim_eps,id,oracle_real_utility_selector,8,exact_selected_score,1,0.47896010524195254,0.0,0.47896010524195254,0.47896010524195254,0.95,1,16,high_minus_low,exact_selected_score
ddim_eps,id,oracle_real_utility_selector,8,high_n_regret,1,0.0,0.0,0.0,0.0,0.95,1,16,high_minus_low,high_n_regret
ddim_eps,id,random_sample_selection,1,exact_selected_real,1,0.1418861151274986,0.0,0.1418861151274986,0.1418861151274986,0.95,1,16,high_minus_low,exact_selected_real
ddim_eps,id,random_sample_selection,1,exact_selected_score,1,2.3544326575757517,0.0,2.3544326575757517,2.3544326575757517,0.95,1,16,high_minus_low,exact_selected_score
ddim_eps,id,random_sample_selection,1,high_n_regret,1,0.0,0.0,0.0,0.0,0.95,1,16,high_minus_low,high_n_regret
ddim_eps,id,random_sample_selection,8,exact_selected_real,1,-0.3166034479383426,0.0,-0.3166034479383426,-0.3166034479383426,0.95,1,16,high_minus_low,exact_selected_real
ddim_eps,id,random_sample_selection,8,exact_selected_score,1,1.41808683036898,0.0,1.41808683036898,1.41808683036898,0.95,1,16,high_minus_low,exact_selected_score
ddim_eps,id,random_sample_selection,8,high_n_regret,1,0.0,0.0,0.0,0.0,0.95,1,16,high_minus_low,high_n_regret
ddim_eps,id,tail_only_misaligned_score,1,exact_selected_real,1,-0.02726851708233613,0.0,-0.02726851708233613,-0.02726851708233613,0.95,1,16,high_minus_low,exact_selected_real
ddim_eps,id,tail_only_misaligned_score,1,exact_selected_score,1,0.7787878257847631,0.0,0.7787878257847631,0.7787878257847631,0.95,1,16,high_minus_low,exact_selected_score
ddim_eps,id,tail_only_misaligned_score,1,high_n_regret,1,0.0,0.0,0.0,0.0,0.95,1,16,high_minus_low,high_n_regret
ddim_eps,id,tail_only_misaligned_score,8,exact_selected_real,1,0.27759471294342086,0.0,0.27759471294342086,0.27759471294342086,0.95,1,16,high_minus_low,exact_selected_real
ddim_eps,id,tail_only_misaligned_score,8,exact_selected_score,1,1.1493619605747951,0.0,1.1493619605747951,1.1493619605747951,0.95,1,16,high_minus_low,exact_selected_score
ddim_eps,id,tail_only_misaligned_score,8,high_n_regret,1,0.0,0.0,0.0,0.0,0.95,1,16,high_minus_low,high_n_regret
ddim_eps,id,weakly_aligned_score,1,exact_selected_real,1,0.2907473895868673,0.0,0.2907473895868673,0.2907473895868673,0.95,1,16,high_minus_low,exact_selected_real
ddim_eps,id,weakly_aligned_score,1,exact_selected_score,1,0.312499645652327,0.0,0.312499645652327,0.312499645652327,0.95,1,16,high_minus_low,exact_selected_score
ddim_eps,id,weakly_aligned_score,1,high_n_regret,1,0.0,0.0,0.0,0.0,0.95,1,16,high_minus_low,high_n_regret
ddim_eps,id,weakly_aligned_score,8,exact_selected_real,1,0.046781546617401526,0.0,0.046781546617401526,0.046781546617401526,0.95,1,16,high_minus_low,exact_selected_real
ddim_eps,id,weakly_aligned_score,8,exact_selected_score,1,0.21654563443425878,0.0,0.21654563443425878,0.21654563443425878,0.95,1,16,high_minus_low,exact_selected_score
ddim_eps,id,weakly_aligned_score,8,high_n_regret,1,0.0,0.0,0.0,0.0,0.95,1,16,high_minus_low,high_n_regret
ddim_eps,low_diversity,anti_correlated_score,1,exact_selected_real,1,-0.025381314323435156,0.0,-0.025381314323435156,-0.025381314323435156,0.95,1,16,high_minus_low,exact_selected_real
ddim_eps,low_diversity,anti_correlated_score,1,exact_selected_score,1,0.04114653300645932,0.0,0.04114653300645932,0.04114653300645932,0.95,1,16,high_minus_low,exact_selected_score
ddim_eps,low_diversity,anti_correlated_score,1,high_n_regret,1,0.0,0.0,0.0,0.0,0.95,1,16,high_minus_low,high_n_regret
ddim_eps,low_diversity,anti_correlated_score,8,exact_selected_real,1,-0.04394886931097508,0.0,-0.04394886931097508,-0.04394886931097508,0.95,1,16,high_minus_low,exact_selected_real
ddim_eps,low_diversity,anti_correlated_score,8,exact_selected_score,1,0.049196462986941025,0.0,0.049196462986941025,0.049196462986941025,0.95,1,16,high_minus_low,exact_selected_score
ddim_eps,low_diversity,anti_correlated_score,8,high_n_regret,1,0.0,0.0,0.0,0.0,0.95,1,16,high_minus_low,high_n_regret
ddim_eps,low_diversity,behavior_cloning_critic,1,exact_selected_real,1,0.034244600627093336,0.0,0.034244600627093336,0.034244600627093336,0.95,1,16,high_minus_low,exact_selected_real
ddim_eps,low_diversity,behavior_cloning_critic,1,exact_selected_score,1,0.02912787314468046,0.0,0.02912787314468046,0.02912787314468046,0.95,1,16,high_minus_low,exact_selected_score
ddim_eps,low_diversity,behavior_cloning_critic,1,high_n_regret,1,0.0,0.0,0.0,0.0,0.95,1,16,high_minus_low,high_n_regret
ddim_eps,low_diversity,behavior_cloning_critic,8,exact_selected_real,1,0.029019589719940342,0.0,0.029019589719940342,0.029019589719940342,0.95,1,16,high_minus_low,exact_selected_real
ddim_eps,low_diversity,behavior_cloning_critic,8,exact_selected_score,1,0.02469599612051221,0.0,0.02469599612051221,0.02469599612051221,0.95,1,16,high_minus_low,exact_selected_score
ddim_eps,low_diversity,behavior_cloning_critic,8,high_n_regret,1,0.0,0.0,0.0,0.0,0.95,1,16,high_minus_low,high_n_regret
ddim_eps,low_diversity,calibrated_critic,1,exact_selected_real,1,0.03422927009409937,0.0,0.03422927009409937,0.03422927009409937,0.95,1,16,high_minus_low,exact_selected_real
ddim_eps,low_diversity,calibrated_critic,1,exact_selected_score,1,0.0327904908819705,0.0,0.0327904908819705,0.0327904908819705,0.95,1,16,high_minus_low,exact_selected_score
ddim_eps,low_diversity,calibrated_critic,1,high_n_regret,1,0.0,0.0,0.0,0.0,0.95,1,16,high_minus_low,high_n_regret
ddim_eps,low_diversity,calibrated_critic,8,exact_selected_real,1,0.029006762114051954,0.0,0.029006762114051954,0.029006762114051954,0.95,1,16,high_minus_low,exact_selected_real
ddim_eps,low_diversity,calibrated_critic,8,exact_selected_score,1,0.0288522582976114,0.0,0.0288522582976114,0.0288522582976114,0.95,1,16,high_minus_low,exact_selected_score
ddim_eps,low_diversity,calibrated_critic,8,high_n_regret,1,0.0,0.0,0.0,0.0,0.95,1,16,high_minus_low,high_n_regret
ddim_eps,low_diversity,diffusion_internal_score,1,exact_selected_real,1,0.012602849657334048,0.0,0.012602849657334048,0.012602849657334048,0.95,1,16,high_minus_low,exact_selected_real
ddim_eps,low_diversity,diffusion_internal_score,1,exact_selected_score,1,0.5917333534680709,0.0,0.5917333534680709,0.5917333534680709,0.95,1,16,high_minus_low,exact_selected_score
ddim_eps,low_diversity,diffusion_internal_score,1,high_n_regret,1,0.0,0.0,0.0,0.0,0.95,1,16,high_minus_low,high_n_regret
ddim_eps,low_diversity,diffusion_internal_score,8,exact_selected_real,1,-0.018679027646174573,0.0,-0.018679027646174573,-0.018679027646174573,0.95,1,16,high_minus_low,exact_selected_real
ddim_eps,low_diversity,diffusion_internal_score,8,exact_selected_score,1,0.5293392474439906,0.0,0.5293392474439906,0.5293392474439906,0.95,1,16,high_minus_low,exact_selected_score
ddim_eps,low_diversity,diffusion_internal_score,8,high_n_regret,1,0.0,0.0,0.0,0.0,0.95,1,16,high_minus_low,high_n_regret
ddim_eps,low_diversity,diffusion_likelihood_proxy,1,exact_selected_real,1,0.034244600627093336,0.0,0.034244600627093336,0.034244600627093336,0.95,1,16,high_minus_low,exact_selected_real
ddim_eps,low_diversity,diffusion_likelihood_proxy,1,exact_selected_score,1,0.02007128700177352,0.0,0.02007128700177352,0.02007128700177352,0.95,1,16,high_minus_low,exact_selected_score
ddim_eps,low_diversity,diffusion_likelihood_proxy,1,high_n_regret,1,0.0,0.0,0.0,0.0,0.95,1,16,high_minus_low,high_n_regret
ddim_eps,low_diversity,diffusion_likelihood_proxy,8,exact_selected_real,1,0.02888804954785984,0.0,0.02888804954785984,0.02888804954785984,0.95,1,16,high_minus_low,exact_selected_real
ddim_eps,low_diversity,diffusion_likelihood_proxy,8,exact_selected_score,1,0.016875863839388883,0.0,0.016875863839388883,0.016875863839388883,0.95,1,16,high_minus_low,exact_selected_score
ddim_eps,low_diversity,diffusion_likelihood_proxy,8,high_n_regret,1,0.0,0.0,0.0,0.0,0.95,1,16,high_minus_low,high_n_regret
ddim_eps,low_diversity,learned_value_critic_from_pilot_rollouts,1,exact_selected_real,1,0.034244600627093336,0.0,0.034244600627093336,0.034244600627093336,0.95,1,16,high_minus_low,exact_selected_real
ddim_eps,low_diversity,learned_value_critic_from_pilot_rollouts,1,exact_selected_score,1,0.02587727765524095,0.0,0.02587727765524095,0.02587727765524095,0.95,1,16,high_minus_low,exact_selected_score
ddim_eps,low_diversity,learned_value_critic_from_pilot_rollouts,1,high_n_regret,1,0.0,0.0,0.0,0.0,0.95,1,16,high_minus_low,high_n_regret
ddim_eps,low_diversity,learned_value_critic_from_pilot_rollouts,8,exact_selected_real,1,0.029019589719940342,0.0,0.029019589719940342,0.029019589719940342,0.95,1,16,high_minus_low,exact_selected_real
ddim_eps,low_diversity,learned_value_critic_from_pilot_rollouts,8,exact_selected_score,1,0.027137260984063882,0.0,0.027137260984063882,0.027137260984063882,0.95,1,16,high_minus_low,exact_selected_score
ddim_eps,low_diversity,learned_value_critic_from_pilot_rollouts,8,high_n_regret,1,0.0,0.0,0.0,0.0,0.95,1,16,high_minus_low,high_n_regret
ddim_eps,low_diversity,oracle_real_utility_selector,1,exact_selected_real,1,0.034244600627093336,0.0,0.034244600627093336,0.034244600627093336,0.95,1,16,high_minus_low,exact_selected_real
ddim_eps,low_diversity,oracle_real_utility_selector,1,exact_selected_score,1,0.034244600627093336,0.0,0.034244600627093336,0.034244600627093336,0.95,1,16,high_minus_low,exact_selected_score
ddim_eps,low_diversity,oracle_real_utility_selector,1,high_n_regret,1,0.0,0.0,0.0,0.0,0.95,1,16,high_minus_low,high_n_regret
ddim_eps,low_diversity,oracle_real_utility_selector,8,exact_selected_real,1,0.029019589719940342,0.0,0.029019589719940342,0.029019589719940342,0.95,1,16,high_minus_low,exact_selected_real
ddim_eps,low_diversity,oracle_real_utility_selector,8,exact_selected_score,1,0.029019589719940342,0.0,0.029019589719940342,0.029019589719940342,0.95,1,16,high_minus_low,exact_selected_score
ddim_eps,low_diversity,oracle_real_utility_selector,8,high_n_regret,1,0.0,0.0,0.0,0.0,0.95,1,16,high_minus_low,high_n_regret
ddim_eps,low_diversity,random_sample_selection,1,exact_selected_real,1,-0.010461654413174148,0.0,-0.010461654413174148,-0.010461654413174148,0.95,1,16,high_minus_low,exact_selected_real
ddim_eps,low_diversity,random_sample_selection,1,exact_selected_score,1,2.5125964794239755,0.0,2.5125964794239755,2.5125964794239755,0.95,1,16,high_minus_low,exact_selected_score
ddim_eps,low_diversity,random_sample_selection,1,high_n_regret,1,0.0,0.0,0.0,0.0,0.95,1,16,high_minus_low,high_n_regret
ddim_eps,low_diversity,random_sample_selection,8,exact_selected_real,1,0.012322577211325125,0.0,0.012322577211325125,0.012322577211325125,0.95,1,16,high_minus_low,exact_selected_real
ddim_eps,low_diversity,random_sample_selection,8,exact_selected_score,1,1.9620568716435978,0.0,1.9620568716435978,1.9620568716435978,0.95,1,16,high_minus_low,exact_selected_score
ddim_eps,low_diversity,random_sample_selection,8,high_n_regret,1,0.0,0.0,0.0,0.0,0.95,1,16,high_minus_low,high_n_regret
ddim_eps,low_diversity,tail_only_misaligned_score,1,exact_selected_real,1,0.03167420409012078,0.0,0.03167420409012078,0.03167420409012078,0.95,1,16,high_minus_low,exact_selected_real
ddim_eps,low_diversity,tail_only_misaligned_score,1,exact_selected_score,1,0.051039381612966395,0.0,0.051039381612966395,0.051039381612966395,0.95,1,16,high_minus_low,exact_selected_score
ddim_eps,low_diversity,tail_only_misaligned_score,1,high_n_regret,1,0.0,0.0,0.0,0.0,0.95,1,16,high_minus_low,high_n_regret
ddim_eps,low_diversity,tail_only_misaligned_score,8,exact_selected_real,1,0.027701120253161404,0.0,0.027701120253161404,0.027701120253161404,0.95,1,16,high_minus_low,exact_selected_real
ddim_eps,low_diversity,tail_only_misaligned_score,8,exact_selected_score,1,0.12861428309375533,0.0,0.12861428309375533,0.12861428309375533,0.95,1,16,high_minus_low,exact_selected_score
ddim_eps,low_diversity,tail_only_misaligned_score,8,high_n_regret,1,0.0,0.0,0.0,0.0,0.95,1,16,high_minus_low,high_n_regret
ddim_eps,low_diversity,weakly_aligned_score,1,exact_selected_real,1,0.01194079184187613,0.0,0.01194079184187613,0.01194079184187613,0.95,1,16,high_minus_low,exact_selected_real
ddim_eps,low_diversity,weakly_aligned_score,1,exact_selected_score,1,0.22766199531149628,0.0,0.22766199531149628,0.22766199531149628,0.95,1,16,high_minus_low,exact_selected_score
ddim_eps,low_diversity,weakly_aligned_score,1,high_n_regret,1,0.0,0.0,0.0,0.0,0.95,1,16,high_minus_low,high_n_regret
ddim_eps,low_diversity,weakly_aligned_score,8,exact_selected_real,1,-0.01798860347371556,0.0,-0.01798860347371556,-0.01798860347371556,0.95,1,16,high_minus_low,exact_selected_real
ddim_eps,low_diversity,weakly_aligned_score,8,exact_selected_score,1,0.1480487770080492,0.0,0.1480487770080492,0.1480487770080492,0.95,1,16,high_minus_low,exact_selected_score
ddim_eps,low_diversity,weakly_aligned_score,8,high_n_regret,1,0.0,0.0,0.0,0.0,0.95,1,16,high_minus_low,high_n_regret
ddpm_eps,hidden_obstacle,anti_correlated_score,8,exact_selected_real,1,-0.5401365174151771,0.0,-0.5401365174151771,-0.5401365174151771,0.95,1,16,high_minus_low,exact_selected_real
ddpm_eps,hidden_obstacle,anti_correlated_score,8,exact_selected_score,1,0.5627868132749385,0.0,0.5627868132749385,0.5627868132749385,0.95,1,16,high_minus_low,exact_selected_score
ddpm_eps,hidden_obstacle,anti_correlated_score,8,high_n_regret,1,0.0,0.0,0.0,0.0,0.95,1,16,high_minus_low,high_n_regret
ddpm_eps,hidden_obstacle,behavior_cloning_critic,8,exact_selected_real,1,0.2334570633605627,0.0,0.2334570633605627,0.2334570633605627,0.95,1,16,high_minus_low,exact_selected_real
ddpm_eps,hidden_obstacle,behavior_cloning_critic,8,exact_selected_score,1,0.4965707856182636,0.0,0.4965707856182636,0.4965707856182636,0.95,1,16,high_minus_low,exact_selected_score
ddpm_eps,hidden_obstacle,behavior_cloning_critic,8,high_n_regret,1,0.0,0.0,0.0,0.0,0.95,1,16,high_minus_low,high_n_regret
ddpm_eps,hidden_obstacle,calibrated_critic,8,exact_selected_real,1,0.5092011930633357,0.0,0.5092011930633357,0.5092011930633357,0.95,1,16,high_minus_low,exact_selected_real
ddpm_eps,hidden_obstacle,calibrated_critic,8,exact_selected_score,1,0.3528827622563733,0.0,0.3528827622563733,0.3528827622563733,0.95,1,16,high_minus_low,exact_selected_score
ddpm_eps,hidden_obstacle,calibrated_critic,8,high_n_regret,1,0.0,0.0,0.0,0.0,0.95,1,16,high_minus_low,high_n_regret
ddpm_eps,hidden_obstacle,diffusion_internal_score,8,exact_selected_real,1,-0.09819726320257405,0.0,-0.09819726320257405,-0.09819726320257405,0.95,1,16,high_minus_low,exact_selected_real
ddpm_eps,hidden_obstacle,diffusion_internal_score,8,exact_selected_score,1,0.662883349609248,0.0,0.662883349609248,0.662883349609248,0.95,1,16,high_minus_low,exact_selected_score
ddpm_eps,hidden_obstacle,diffusion_internal_score,8,high_n_regret,1,0.0,0.0,0.0,0.0,0.95,1,16,high_minus_low,high_n_regret
ddpm_eps,hidden_obstacle,diffusion_likelihood_proxy,8,exact_selected_real,1,0.2334570633605627,0.0,0.2334570633605627,0.2334570633605627,0.95,1,16,high_minus_low,exact_selected_real
ddpm_eps,hidden_obstacle,diffusion_likelihood_proxy,8,exact_selected_score,1,0.3350489447436783,0.0,0.3350489447436783,0.3350489447436783,0.95,1,16,high_minus_low,exact_selected_score
ddpm_eps,hidden_obstacle,diffusion_likelihood_proxy,8,high_n_regret,1,0.0,0.0,0.0,0.0,0.95,1,16,high_minus_low,high_n_regret
ddpm_eps,hidden_obstacle,learned_value_critic_from_pilot_rollouts,8,exact_selected_real,1,0.39345325745650783,0.0,0.39345325745650783,0.39345325745650783,0.95,1,16,high_minus_low,exact_selected_real
ddpm_eps,hidden_obstacle,learned_value_critic_from_pilot_rollouts,8,exact_selected_score,1,0.5827830510224352,0.0,0.5827830510224352,0.5827830510224352,0.95,1,16,high_minus_low,exact_selected_score
ddpm_eps,hidden_obstacle,learned_value_critic_from_pilot_rollouts,8,high_n_regret,1,0.0,0.0,0.0,0.0,0.95,1,16,high_minus_low,high_n_regret
ddpm_eps,hidden_obstacle,oracle_real_utility_selector,8,exact_selected_real,1,0.5205802605933215,0.0,0.5205802605933215,0.5205802605933215,0.95,1,16,high_minus_low,exact_selected_real
ddpm_eps,hidden_obstacle,oracle_real_utility_selector,8,exact_selected_score,1,0.5205802605933215,0.0,0.5205802605933215,0.5205802605933215,0.95,1,16,high_minus_low,exact_selected_score
ddpm_eps,hidden_obstacle,oracle_real_utility_selector,8,high_n_regret,1,0.0,0.0,0.0,0.0,0.95,1,16,high_minus_low,high_n_regret
ddpm_eps,hidden_obstacle,random_sample_selection,8,exact_selected_real,1,-0.01673467771893211,0.0,-0.01673467771893211,-0.01673467771893211,0.95,1,16,high_minus_low,exact_selected_real
ddpm_eps,hidden_obstacle,random_sample_selection,8,exact_selected_score,1,1.6603981928636675,0.0,1.6603981928636675,1.6603981928636675,0.95,1,16,high_minus_low,exact_selected_score
ddpm_eps,hidden_obstacle,random_sample_selection,8,high_n_regret,1,0.0,0.0,0.0,0.0,0.95,1,16,high_minus_low,high_n_regret
ddpm_eps,hidden_obstacle,tail_only_misaligned_score,8,exact_selected_real,1,0.04277453221676564,0.0,0.04277453221676564,0.04277453221676564,0.95,1,16,high_minus_low,exact_selected_real
ddpm_eps,hidden_obstacle,tail_only_misaligned_score,8,exact_selected_score,1,0.8728764157571779,0.0,0.8728764157571779,0.8728764157571779,0.95,1,16,high_minus_low,exact_selected_score
ddpm_eps,hidden_obstacle,tail_only_misaligned_score,8,high_n_regret,1,0.0,0.0,0.0,0.0,0.95,1,16,high_minus_low,high_n_regret
ddpm_eps,hidden_obstacle,weakly_aligned_score,8,exact_selected_real,1,0.4900477650613462,0.0,0.4900477650613462,0.4900477650613462,0.95,1,16,high_minus_low,exact_selected_real
ddpm_eps,hidden_obstacle,weakly_aligned_score,8,exact_selected_score,1,0.36500577914647575,0.0,0.36500577914647575,0.36500577914647575,0.95,1,16,high_minus_low,exact_selected_score
ddpm_eps,hidden_obstacle,weakly_aligned_score,8,high_n_regret,1,0.0,0.0,0.0,0.0,0.95,1,16,high_minus_low,high_n_regret
ddpm_eps,id,anti_correlated_score,8,exact_selected_real,1,-0.40530051403153244,0.0,-0.40530051403153244,-0.40530051403153244,0.95,1,16,high_minus_low,exact_selected_real
ddpm_eps,id,anti_correlated_score,8,exact_selected_score,1,0.4363038109926851,0.0,0.4363038109926851,0.4363038109926851,0.95,1,16,high_minus_low,exact_selected_score
ddpm_eps,id,anti_correlated_score,8,high_n_regret,1,0.0,0.0,0.0,0.0,0.95,1,16,high_minus_low,high_n_regret
ddpm_eps,id,behavior_cloning_critic,8,exact_selected_real,1,0.4656081539830268,0.0,0.4656081539830268,0.4656081539830268,0.95,1,16,high_minus_low,exact_selected_real
ddpm_eps,id,behavior_cloning_critic,8,exact_selected_score,1,0.43661086248544717,0.0,0.43661086248544717,0.43661086248544717,0.95,1,16,high_minus_low,exact_selected_score
ddpm_eps,id,behavior_cloning_critic,8,high_n_regret,1,0.0,0.0,0.0,0.0,0.95,1,16,high_minus_low,high_n_regret
ddpm_eps,id,calibrated_critic,8,exact_selected_real,1,0.45828019563433053,0.0,0.45828019563433053,0.45828019563433053,0.95,1,16,high_minus_low,exact_selected_real
ddpm_eps,id,calibrated_critic,8,exact_selected_score,1,0.44644778002944485,0.0,0.44644778002944485,0.44644778002944485,0.95,1,16,high_minus_low,exact_selected_score
ddpm_eps,id,calibrated_critic,8,high_n_regret,1,0.0,0.0,0.0,0.0,0.95,1,16,high_minus_low,high_n_regret
ddpm_eps,id,diffusion_internal_score,8,exact_selected_real,1,-0.28479620101310754,0.0,-0.28479620101310754,-0.28479620101310754,0.95,1,16,high_minus_low,exact_selected_real
ddpm_eps,id,diffusion_internal_score,8,exact_selected_score,1,0.4982144417600439,0.0,0.4982144417600439,0.4982144417600439,0.95,1,16,high_minus_low,exact_selected_score
ddpm_eps,id,diffusion_internal_score,8,high_n_regret,1,0.0,0.0,0.0,0.0,0.95,1,16,high_minus_low,high_n_regret
ddpm_eps,id,diffusion_likelihood_proxy,8,exact_selected_real,1,0.46560237793722625,0.0,0.46560237793722625,0.46560237793722625,0.95,1,16,high_minus_low,exact_selected_real
ddpm_eps,id,diffusion_likelihood_proxy,8,exact_selected_score,1,0.29988286162175026,0.0,0.29988286162175026,0.29988286162175026,0.95,1,16,high_minus_low,exact_selected_score
ddpm_eps,id,diffusion_likelihood_proxy,8,high_n_regret,1,0.0,0.0,0.0,0.0,0.95,1,16,high_minus_low,high_n_regret
ddpm_eps,id,learned_value_critic_from_pilot_rollouts,8,exact_selected_real,1,0.464943409076255,0.0,0.464943409076255,0.464943409076255,0.95,1,16,high_minus_low,exact_selected_real
ddpm_eps,id,learned_value_critic_from_pilot_rollouts,8,exact_selected_score,1,0.3889095048007253,0.0,0.3889095048007253,0.3889095048007253,0.95,1,16,high_minus_low,exact_selected_score
ddpm_eps,id,learned_value_critic_from_pilot_rollouts,8,high_n_regret,1,0.0,0.0,0.0,0.0,0.95,1,16,high_minus_low,high_n_regret
ddpm_eps,id,oracle_real_utility_selector,8,exact_selected_real,1,0.47044232785007156,0.0,0.47044232785007156,0.47044232785007156,0.95,1,16,high_minus_low,exact_selected_real
ddpm_eps,id,oracle_real_utility_selector,8,exact_selected_score,1,0.47044232785007156,0.0,0.47044232785007156,0.47044232785007156,0.95,1,16,high_minus_low,exact_selected_score
ddpm_eps,id,oracle_real_utility_selector,8,high_n_regret,1,0.0,0.0,0.0,0.0,0.95,1,16,high_minus_low,high_n_regret
ddpm_eps,id,random_sample_selection,8,exact_selected_real,1,-0.32342292288488084,0.0,-0.32342292288488084,-0.32342292288488084,0.95,1,16,high_minus_low,exact_selected_real
ddpm_eps,id,random_sample_selection,8,exact_selected_score,1,1.41808683036898,0.0,1.41808683036898,1.41808683036898,0.95,1,16,high_minus_low,exact_selected_score
ddpm_eps,id,random_sample_selection,8,high_n_regret,1,0.0,0.0,0.0,0.0,0.95,1,16,high_minus_low,high_n_regret
ddpm_eps,id,tail_only_misaligned_score,8,exact_selected_real,1,0.3565972271922072,0.0,0.3565972271922072,0.3565972271922072,0.95,1,16,high_minus_low,exact_selected_real
ddpm_eps,id,tail_only_misaligned_score,8,exact_selected_score,1,1.1292611593577946,0.0,1.1292611593577946,1.1292611593577946,0.95,1,16,high_minus_low,exact_selected_score
ddpm_eps,id,tail_only_misaligned_score,8,high_n_regret,1,0.0,0.0,0.0,0.0,0.95,1,16,high_minus_low,high_n_regret
ddpm_eps,id,weakly_aligned_score,8,exact_selected_real,1,0.1236222215196523,0.0,0.1236222215196523,0.1236222215196523,0.95,1,16,high_minus_low,exact_selected_real
ddpm_eps,id,weakly_aligned_score,8,exact_selected_score,1,0.24604709613425763,0.0,0.24604709613425763,0.24604709613425763,0.95,1,16,high_minus_low,exact_selected_score
ddpm_eps,id,weakly_aligned_score,8,high_n_regret,1,0.0,0.0,0.0,0.0,0.95,1,16,high_minus_low,high_n_regret
ddpm_eps,low_diversity,anti_correlated_score,8,exact_selected_real,1,-0.0449850542681931,0.0,-0.0449850542681931,-0.0449850542681931,0.95,1,16,high_minus_low,exact_selected_real
ddpm_eps,low_diversity,anti_correlated_score,8,exact_selected_score,1,0.05018459753592275,0.0,0.05018459753592275,0.05018459753592275,0.95,1,16,high_minus_low,exact_selected_score
ddpm_eps,low_diversity,anti_correlated_score,8,high_n_regret,1,0.0,0.0,0.0,0.0,0.95,1,16,high_minus_low,high_n_regret
ddpm_eps,low_diversity,behavior_cloning_critic,8,exact_selected_real,1,0.030177590308056113,0.0,0.030177590308056113,0.030177590308056113,0.95,1,16,high_minus_low,exact_selected_real
ddpm_eps,low_diversity,behavior_cloning_critic,8,exact_selected_score,1,0.025668037566982216,0.0,0.025668037566982216,0.025668037566982216,0.95,1,16,high_minus_low,exact_selected_score
ddpm_eps,low_diversity,behavior_cloning_critic,8,high_n_regret,1,0.0,0.0,0.0,0.0,0.95,1,16,high_minus_low,high_n_regret
ddpm_eps,low_diversity,calibrated_critic,8,exact_selected_real,1,0.030158295436876426,0.0,0.030158295436876426,0.030158295436876426,0.95,1,16,high_minus_low,exact_selected_real
ddpm_eps,low_diversity,calibrated_critic,8,exact_selected_score,1,0.029948772591571027,0.0,0.029948772591571027,0.029948772591571027,0.95,1,16,high_minus_low,exact_selected_score
ddpm_eps,low_diversity,calibrated_critic,8,high_n_regret,1,0.0,0.0,0.0,0.0,0.95,1,16,high_minus_low,high_n_regret
ddpm_eps,low_diversity,diffusion_internal_score,8,exact_selected_real,1,-0.015273467075676228,0.0,-0.015273467075676228,-0.015273467075676228,0.95,1,16,high_minus_low,exact_selected_real
ddpm_eps,low_diversity,diffusion_internal_score,8,exact_selected_score,1,0.5293240317305696,0.0,0.5293240317305696,0.5293240317305696,0.95,1,16,high_minus_low,exact_selected_score
ddpm_eps,low_diversity,diffusion_internal_score,8,high_n_regret,1,0.0,0.0,0.0,0.0,0.95,1,16,high_minus_low,high_n_regret
ddpm_eps,low_diversity,diffusion_likelihood_proxy,8,exact_selected_real,1,0.03015828013362576,0.0,0.03015828013362576,0.03015828013362576,0.95,1,16,high_minus_low,exact_selected_real
ddpm_eps,low_diversity,diffusion_likelihood_proxy,8,exact_selected_score,1,0.017480718384585314,0.0,0.017480718384585314,0.017480718384585314,0.95,1,16,high_minus_low,exact_selected_score
ddpm_eps,low_diversity,diffusion_likelihood_proxy,8,high_n_regret,1,0.0,0.0,0.0,0.0,0.95,1,16,high_minus_low,high_n_regret
ddpm_eps,low_diversity,learned_value_critic_from_pilot_rollouts,8,exact_selected_real,1,0.030158295436876426,0.0,0.030158295436876426,0.030158295436876426,0.95,1,16,high_minus_low,exact_selected_real
ddpm_eps,low_diversity,learned_value_critic_from_pilot_rollouts,8,exact_selected_score,1,0.027898502441749073,0.0,0.027898502441749073,0.027898502441749073,0.95,1,16,high_minus_low,exact_selected_score
ddpm_eps,low_diversity,learned_value_critic_from_pilot_rollouts,8,high_n_regret,1,0.0,0.0,0.0,0.0,0.95,1,16,high_minus_low,high_n_regret
ddpm_eps,low_diversity,oracle_real_utility_selector,8,exact_selected_real,1,0.03017760157209093,0.0,0.03017760157209093,0.03017760157209093,0.95,1,16,high_minus_low,exact_selected_real
ddpm_eps,low_diversity,oracle_real_utility_selector,8,exact_selected_score,1,0.03017760157209093,0.0,0.03017760157209093,0.03017760157209093,0.95,1,16,high_minus_low,exact_selected_score
ddpm_eps,low_diversity,oracle_real_utility_selector,8,high_n_regret,1,0.0,0.0,0.0,0.0,0.95,1,16,high_minus_low,high_n_regret
ddpm_eps,low_diversity,random_sample_selection,8,exact_selected_real,1,0.015551147309039948,0.0,0.015551147309039948,0.015551147309039948,0.95,1,16,high_minus_low,exact_selected_real
ddpm_eps,low_diversity,random_sample_selection,8,exact_selected_score,1,1.9620568716435978,0.0,1.9620568716435978,1.9620568716435978,0.95,1,16,high_minus_low,exact_selected_score
ddpm_eps,low_diversity,random_sample_selection,8,high_n_regret,1,0.0,0.0,0.0,0.0,0.95,1,16,high_minus_low,high_n_regret
ddpm_eps,low_diversity,tail_only_misaligned_score,8,exact_selected_real,1,0.028563934341137243,0.0,0.028563934341137243,0.028563934341137243,0.95,1,16,high_minus_low,exact_selected_real
ddpm_eps,low_diversity,tail_only_misaligned_score,8,exact_selected_score,1,0.1325473342739676,0.0,0.1325473342739676,0.1325473342739676,0.95,1,16,high_minus_low,exact_selected_score
ddpm_eps,low_diversity,tail_only_misaligned_score,8,high_n_regret,1,0.0,0.0,0.0,0.0,0.95,1,16,high_minus_low,high_n_regret
ddpm_eps,low_diversity,weakly_aligned_score,8,exact_selected_real,1,-0.014117934091847584,0.0,-0.014117934091847584,-0.014117934091847584,0.95,1,16,high_minus_low,exact_selected_real
ddpm_eps,low_diversity,weakly_aligned_score,8,exact_selected_score,1,0.14980453288665574,0.0,0.14980453288665574,0.14980453288665574,0.95,1,16,high_minus_low,exact_selected_score
ddpm_eps,low_diversity,weakly_aligned_score,8,high_n_regret,1,0.0,0.0,0.0,0.0,0.95,1,16,high_minus_low,high_n_regret
